"filename", "language", "JSON with Comments", "JSON", "TypeScript", "Markdown", "MS SQL", "Prisma", "JavaScript", "Docker", "Ignore", "YAML", "comment", "blank", "total"
"c:\Users\User\Desktop\NestAuth\microservices\auth-microservice\.prettierrc", "JSON", 0, 4, 0, 0, 0, 0, 0, 0, 0, 0, 0, 1, 5
"c:\Users\User\Desktop\NestAuth\microservices\auth-microservice\README.md", "Markdown", 0, 0, 0, 1, 0, 0, 0, 0, 0, 0, 0, 1, 2
"c:\Users\User\Desktop\NestAuth\microservices\auth-microservice\eslint.config.mjs", "JavaScript", 0, 0, 0, 0, 0, 0, 33, 0, 0, 0, 1, 2, 36
"c:\Users\User\Desktop\NestAuth\microservices\auth-microservice\nest-cli.json", "JSON", 0, 8, 0, 0, 0, 0, 0, 0, 0, 0, 0, 1, 9
"c:\Users\User\Desktop\NestAuth\microservices\auth-microservice\package-lock.json", "JSON", 0, 11889, 0, 0, 0, 0, 0, 0, 0, 0, 0, 1, 11890
"c:\Users\User\Desktop\NestAuth\microservices\auth-microservice\package.json", "JSON", 0, 92, 0, 0, 0, 0, 0, 0, 0, 0, 0, 1, 93
"c:\Users\User\Desktop\NestAuth\microservices\auth-microservice\prisma.config.ts", "TypeScript", 0, 0, 11, 0, 0, 0, 0, 0, 0, 0, 2, 2, 15
"c:\Users\User\Desktop\NestAuth\microservices\auth-microservice\prisma\generated\prisma\browser.ts", "TypeScript", 0, 0, 5, 0, 0, 0, 0, 0, 0, 0, 17, 3, 25
"c:\Users\User\Desktop\NestAuth\microservices\auth-microservice\prisma\generated\prisma\client.ts", "TypeScript", 0, 0, 14, 0, 0, 0, 0, 0, 0, 0, 29, 6, 49
"c:\Users\User\Desktop\NestAuth\microservices\auth-microservice\prisma\generated\prisma\commonInputTypes.ts", "TypeScript", 0, 0, 201, 0, 0, 0, 0, 0, 0, 0, 9, 27, 237
"c:\Users\User\Desktop\NestAuth\microservices\auth-microservice\prisma\generated\prisma\enums.ts", "TypeScript", 0, 0, 11, 0, 0, 0, 0, 0, 0, 0, 9, 7, 27
"c:\Users\User\Desktop\NestAuth\microservices\auth-microservice\prisma\generated\prisma\internal\class.ts", "TypeScript", 0, 0, 69, 0, 0, 0, 0, 0, 0, 0, 106, 30, 205
"c:\Users\User\Desktop\NestAuth\microservices\auth-microservice\prisma\generated\prisma\internal\prismaNamespace.ts", "TypeScript", 0, 0, 440, 0, 0, 0, 0, 0, 0, 0, 208, 144, 792
"c:\Users\User\Desktop\NestAuth\microservices\auth-microservice\prisma\generated\prisma\internal\prismaNamespaceBrowser.ts", "TypeScript", 0, 0, 45, 0, 0, 0, 0, 0, 0, 0, 33, 25, 103
"c:\Users\User\Desktop\NestAuth\microservices\auth-microservice\prisma\generated\prisma\models.ts", "TypeScript", 0, 0, 2, 0, 0, 0, 0, 0, 0, 0, 9, 1, 12
"c:\Users\User\Desktop\NestAuth\microservices\auth-microservice\prisma\generated\prisma\models\Auth.ts", "TypeScript", 0, 0, 585, 0, 0, 0, 0, 0, 0, 0, 602, 90, 1277
"c:\Users\User\Desktop\NestAuth\microservices\auth-microservice\prisma\migrations\20260218163824_init\migration.sql", "MS SQL", 0, 0, 0, 0, 18, 0, 0, 0, 0, 0, 7, 8, 33
"c:\Users\User\Desktop\NestAuth\microservices\auth-microservice\prisma\migrations\20260218174157_iser_id_nullable\migration.sql", "MS SQL", 0, 0, 0, 0, 1, 0, 0, 0, 0, 0, 1, 1, 3
"c:\Users\User\Desktop\NestAuth\microservices\auth-microservice\prisma\migrations\20260306084602_fix_user_id\migration.sql", "MS SQL", 0, 0, 0, 0, 1, 0, 0, 0, 0, 0, 7, 1, 9
"c:\Users\User\Desktop\NestAuth\microservices\auth-microservice\prisma\schema.prisma", "Prisma", 0, 0, 0, 0, 0, 28, 0, 0, 0, 0, 4, 7, 39
"c:\Users\User\Desktop\NestAuth\microservices\auth-microservice\src\app.controller.ts", "TypeScript", 0, 0, 34, 0, 0, 0, 0, 0, 0, 0, 0, 3, 37
"c:\Users\User\Desktop\NestAuth\microservices\auth-microservice\src\app.module.ts", "TypeScript", 0, 0, 23, 0, 0, 0, 0, 0, 0, 0, 0, 2, 25
"c:\Users\User\Desktop\NestAuth\microservices\auth-microservice\src\common\config\cors.config.ts", "TypeScript", 0, 0, 8, 0, 0, 0, 0, 0, 0, 0, 0, 2, 10
"c:\Users\User\Desktop\NestAuth\microservices\auth-microservice\src\common\config\grpc.config.ts", "TypeScript", 0, 0, 20, 0, 0, 0, 0, 0, 0, 0, 0, 2, 22
"c:\Users\User\Desktop\NestAuth\microservices\auth-microservice\src\common\config\index.ts", "TypeScript", 0, 0, 4, 0, 0, 0, 0, 0, 0, 0, 0, 1, 5
"c:\Users\User\Desktop\NestAuth\microservices\auth-microservice\src\common\config\swager.config.ts", "TypeScript", 0, 0, 17, 0, 0, 0, 0, 0, 0, 0, 0, 4, 21
"c:\Users\User\Desktop\NestAuth\microservices\auth-microservice\src\common\config\userGrpc.config.ts", "TypeScript", 0, 0, 25, 0, 0, 0, 0, 0, 0, 0, 0, 2, 27
"c:\Users\User\Desktop\NestAuth\microservices\auth-microservice\src\common\config\validation-pipe.config.ts", "TypeScript", 0, 0, 4, 0, 0, 0, 0, 0, 0, 0, 0, 2, 6
"c:\Users\User\Desktop\NestAuth\microservices\auth-microservice\src\common\errors\api\api.error.ts", "TypeScript", 0, 0, 44, 0, 0, 0, 0, 0, 0, 0, 0, 8, 52
"c:\Users\User\Desktop\NestAuth\microservices\auth-microservice\src\common\errors\api\default\defaultError.handler.ts", "TypeScript", 0, 0, 23, 0, 0, 0, 0, 0, 0, 0, 0, 4, 27
"c:\Users\User\Desktop\NestAuth\microservices\auth-microservice\src\common\errors\api\grpc\grpcError.handler.ts", "TypeScript", 0, 0, 23, 0, 0, 0, 0, 0, 0, 0, 0, 5, 28
"c:\Users\User\Desktop\NestAuth\microservices\auth-microservice\src\common\errors\api\http\httpError.handler.ts", "TypeScript", 0, 0, 44, 0, 0, 0, 0, 0, 0, 0, 0, 6, 50
"c:\Users\User\Desktop\NestAuth\microservices\auth-microservice\src\common\errors\app.error.ts", "TypeScript", 0, 0, 137, 0, 0, 0, 0, 0, 0, 0, 0, 11, 148
"c:\Users\User\Desktop\NestAuth\microservices\auth-microservice\src\common\errors\application\application.error.ts", "TypeScript", 0, 0, 11, 0, 0, 0, 0, 0, 0, 0, 0, 2, 13
"c:\Users\User\Desktop\NestAuth\microservices\auth-microservice\src\common\errors\application\errors\conflictApp.error.ts", "TypeScript", 0, 0, 9, 0, 0, 0, 0, 0, 0, 0, 0, 2, 11
"c:\Users\User\Desktop\NestAuth\microservices\auth-microservice\src\common\errors\application\errors\notFoundApp.error.ts", "TypeScript", 0, 0, 6, 0, 0, 0, 0, 0, 0, 0, 0, 2, 8
"c:\Users\User\Desktop\NestAuth\microservices\auth-microservice\src\common\errors\domain\domain.error.ts", "TypeScript", 0, 0, 15, 0, 0, 0, 0, 0, 0, 0, 0, 2, 17
"c:\Users\User\Desktop\NestAuth\microservices\auth-microservice\src\common\errors\domain\errors\validation.error.ts", "TypeScript", 0, 0, 6, 0, 0, 0, 0, 0, 0, 0, 0, 2, 8
"c:\Users\User\Desktop\NestAuth\microservices\auth-microservice\src\common\errors\index.ts", "TypeScript", 0, 0, 8, 0, 0, 0, 0, 0, 0, 0, 0, 1, 9
"c:\Users\User\Desktop\NestAuth\microservices\auth-microservice\src\common\errors\infrastructure\errors\dependencyUnavailable.error.ts", "TypeScript", 0, 0, 15, 0, 0, 0, 0, 0, 0, 0, 0, 2, 17
"c:\Users\User\Desktop\NestAuth\microservices\auth-microservice\src\common\errors\infrastructure\errors\persistence.error.ts", "TypeScript", 0, 0, 10, 0, 0, 0, 0, 0, 0, 0, 0, 2, 12
"c:\Users\User\Desktop\NestAuth\microservices\auth-microservice\src\common\errors\infrastructure\infrastructure.error.ts", "TypeScript", 0, 0, 19, 0, 0, 0, 0, 0, 0, 0, 0, 2, 21
"c:\Users\User\Desktop\NestAuth\microservices\auth-microservice\src\common\errors\server\server.error.ts", "TypeScript", 0, 0, 16, 0, 0, 0, 0, 0, 0, 0, 0, 2, 18
"c:\Users\User\Desktop\NestAuth\microservices\auth-microservice\src\common\filters\globalException.filter.ts", "TypeScript", 0, 0, 35, 0, 0, 0, 0, 0, 0, 0, 0, 6, 41
"c:\Users\User\Desktop\NestAuth\microservices\auth-microservice\src\common\interceptors\loggining.intrceptor.ts", "TypeScript", 0, 0, 29, 0, 0, 0, 0, 0, 0, 0, 0, 4, 33
"c:\Users\User\Desktop\NestAuth\microservices\auth-microservice\src\common\validation\decorators\password-validation.decorator.ts", "TypeScript", 0, 0, 0, 0, 0, 0, 0, 0, 0, 0, 30, 7, 37
"c:\Users\User\Desktop\NestAuth\microservices\auth-microservice\src\main.ts", "TypeScript", 0, 0, 38, 0, 0, 0, 0, 0, 0, 0, 7, 4, 49
"c:\Users\User\Desktop\NestAuth\microservices\auth-microservice\src\modules\auth\admin\admin.controller.ts", "TypeScript", 0, 0, 19, 0, 0, 0, 0, 0, 0, 0, 0, 6, 25
"c:\Users\User\Desktop\NestAuth\microservices\auth-microservice\src\modules\auth\admin\admin.facade.ts", "TypeScript", 0, 0, 49, 0, 0, 0, 0, 0, 0, 0, 0, 10, 59
"c:\Users\User\Desktop\NestAuth\microservices\auth-microservice\src\modules\auth\admin\admin.service.ts", "TypeScript", 0, 0, 10, 0, 0, 0, 0, 0, 0, 0, 0, 3, 13
"c:\Users\User\Desktop\NestAuth\microservices\auth-microservice\src\modules\auth\api\gRPC\auth.grpc.controller.ts", "TypeScript", 0, 0, 188, 0, 0, 0, 0, 0, 0, 0, 0, 35, 223
"c:\Users\User\Desktop\NestAuth\microservices\auth-microservice\src\modules\auth\api\mappers\auth-data.mapper.ts", "TypeScript", 0, 0, 34, 0, 0, 0, 0, 0, 0, 0, 0, 6, 40
"c:\Users\User\Desktop\NestAuth\microservices\auth-microservice\src\modules\auth\auth.module.ts", "TypeScript", 0, 0, 82, 0, 0, 0, 0, 0, 0, 0, 0, 1, 83
"c:\Users\User\Desktop\NestAuth\microservices\auth-microservice\src\modules\auth\auth\auth.controller.ts", "TypeScript", 0, 0, 17, 0, 0, 0, 0, 0, 0, 0, 0, 5, 22
"c:\Users\User\Desktop\NestAuth\microservices\auth-microservice\src\modules\auth\auth\auth.facade.ts", "TypeScript", 0, 0, 75, 0, 0, 0, 0, 0, 0, 0, 1, 10, 86
"c:\Users\User\Desktop\NestAuth\microservices\auth-microservice\src\modules\auth\auth\auth.service.ts", "TypeScript", 0, 0, 119, 0, 0, 0, 0, 0, 0, 0, 0, 13, 132
"c:\Users\User\Desktop\NestAuth\microservices\auth-microservice\src\modules\auth\auth\dto\login.dto.ts", "TypeScript", 0, 0, 6, 0, 0, 0, 0, 0, 0, 0, 0, 2, 8
"c:\Users\User\Desktop\NestAuth\microservices\auth-microservice\src\modules\auth\domain\auth.aggregate.ts", "TypeScript", 0, 0, 79, 0, 0, 0, 0, 0, 0, 0, 0, 11, 90
"c:\Users\User\Desktop\NestAuth\microservices\auth-microservice\src\modules\auth\domain\auth.interface.ts", "TypeScript", 0, 0, 11, 0, 0, 0, 0, 0, 0, 0, 0, 1, 12
"c:\Users\User\Desktop\NestAuth\microservices\auth-microservice\src\modules\auth\password\dto\changePass.dto.ts", "TypeScript", 0, 0, 12, 0, 0, 0, 0, 0, 0, 0, 0, 2, 14
"c:\Users\User\Desktop\NestAuth\microservices\auth-microservice\src\modules\auth\password\dto\getTempPass.dto.ts", "TypeScript", 0, 0, 5, 0, 0, 0, 0, 0, 0, 0, 0, 2, 7
"c:\Users\User\Desktop\NestAuth\microservices\auth-microservice\src\modules\auth\password\password.controller.ts", "TypeScript", 0, 0, 14, 0, 0, 0, 0, 0, 0, 0, 0, 3, 17
"c:\Users\User\Desktop\NestAuth\microservices\auth-microservice\src\modules\auth\password\password.facade.ts", "TypeScript", 0, 0, 29, 0, 0, 0, 0, 0, 0, 0, 1, 6, 36
"c:\Users\User\Desktop\NestAuth\microservices\auth-microservice\src\modules\auth\password\password.service.ts", "TypeScript", 0, 0, 85, 0, 0, 0, 0, 0, 0, 0, 0, 24, 109
"c:\Users\User\Desktop\NestAuth\microservices\auth-microservice\src\modules\auth\providers\amqp\amqp.adapter.ts", "TypeScript", 0, 0, 31, 0, 0, 0, 0, 0, 0, 0, 0, 2, 33
"c:\Users\User\Desktop\NestAuth\microservices\auth-microservice\src\modules\auth\providers\amqp\amqp.port.ts", "TypeScript", 0, 0, 4, 0, 0, 0, 0, 0, 0, 0, 0, 2, 6
"c:\Users\User\Desktop\NestAuth\microservices\auth-microservice\src\modules\auth\providers\hash\hash.adapter.ts", "TypeScript", 0, 0, 22, 0, 0, 0, 0, 0, 0, 0, 0, 4, 26
"c:\Users\User\Desktop\NestAuth\microservices\auth-microservice\src\modules\auth\providers\hash\hash.port.ts", "TypeScript", 0, 0, 5, 0, 0, 0, 0, 0, 0, 0, 0, 3, 8
"c:\Users\User\Desktop\NestAuth\microservices\auth-microservice\src\modules\auth\providers\prisma\prisma.adapter.ts", "TypeScript", 0, 0, 83, 0, 0, 0, 0, 0, 0, 0, 0, 12, 95
"c:\Users\User\Desktop\NestAuth\microservices\auth-microservice\src\modules\auth\providers\prisma\prisma.port.ts", "TypeScript", 0, 0, 25, 0, 0, 0, 0, 0, 0, 0, 0, 3, 28
"c:\Users\User\Desktop\NestAuth\microservices\auth-microservice\src\modules\auth\providers\redis\redis.adapter.ts", "TypeScript", 0, 0, 63, 0, 0, 0, 0, 0, 0, 0, 0, 12, 75
"c:\Users\User\Desktop\NestAuth\microservices\auth-microservice\src\modules\auth\providers\redis\redis.port.ts", "TypeScript", 0, 0, 9, 0, 0, 0, 0, 0, 0, 0, 0, 1, 10
"c:\Users\User\Desktop\NestAuth\microservices\auth-microservice\src\modules\auth\providers\user-rpc\user-rpc.adapter.ts", "TypeScript", 0, 0, 38, 0, 0, 0, 0, 0, 0, 0, 0, 8, 46
"c:\Users\User\Desktop\NestAuth\microservices\auth-microservice\src\modules\auth\providers\user-rpc\user-rpc.port.ts", "TypeScript", 0, 0, 16, 0, 0, 0, 0, 0, 0, 0, 0, 2, 18
"c:\Users\User\Desktop\NestAuth\microservices\auth-microservice\src\modules\auth\registration\dto\email.dto.ts", "TypeScript", 0, 0, 5, 0, 0, 0, 0, 0, 0, 0, 0, 2, 7
"c:\Users\User\Desktop\NestAuth\microservices\auth-microservice\src\modules\auth\registration\dto\registrate.dto.ts", "TypeScript", 0, 0, 6, 0, 0, 0, 0, 0, 0, 0, 0, 2, 8
"c:\Users\User\Desktop\NestAuth\microservices\auth-microservice\src\modules\auth\registration\dto\verify.dto.ts", "TypeScript", 0, 0, 10, 0, 0, 0, 0, 0, 0, 0, 0, 3, 13
"c:\Users\User\Desktop\NestAuth\microservices\auth-microservice\src\modules\auth\registration\registration.controller.ts", "TypeScript", 0, 0, 22, 0, 0, 0, 0, 0, 0, 0, 0, 5, 27
"c:\Users\User\Desktop\NestAuth\microservices\auth-microservice\src\modules\auth\registration\registration.facade.ts", "TypeScript", 0, 0, 65, 0, 0, 0, 0, 0, 0, 0, 0, 14, 79
"c:\Users\User\Desktop\NestAuth\microservices\auth-microservice\src\modules\auth\registration\registration.service.ts", "TypeScript", 0, 0, 95, 0, 0, 0, 0, 0, 0, 0, 0, 18, 113
"c:\Users\User\Desktop\NestAuth\microservices\auth-microservice\src\modules\auth\session\dto\deleteSession.dto.ts", "TypeScript", 0, 0, 5, 0, 0, 0, 0, 0, 0, 0, 0, 2, 7
"c:\Users\User\Desktop\NestAuth\microservices\auth-microservice\src\modules\auth\session\session.controller.ts", "TypeScript", 0, 0, 13, 0, 0, 0, 0, 0, 0, 0, 0, 4, 17
"c:\Users\User\Desktop\NestAuth\microservices\auth-microservice\src\modules\auth\session\session.facade.ts", "TypeScript", 0, 0, 25, 0, 0, 0, 0, 0, 0, 0, 0, 4, 29
"c:\Users\User\Desktop\NestAuth\microservices\auth-microservice\src\modules\auth\session\session.service.ts", "TypeScript", 0, 0, 97, 0, 0, 0, 0, 0, 0, 0, 0, 18, 115
"c:\Users\User\Desktop\NestAuth\microservices\auth-microservice\src\modules\auth\shared\types\auth.types.ts", "TypeScript", 0, 0, 18, 0, 0, 0, 0, 0, 0, 0, 0, 5, 23
"c:\Users\User\Desktop\NestAuth\microservices\auth-microservice\src\modules\auth\shared\types\session.types.ts", "TypeScript", 0, 0, 24, 0, 0, 0, 0, 0, 0, 0, 0, 6, 30
"c:\Users\User\Desktop\NestAuth\microservices\auth-microservice\src\modules\auth\shared\utils\checkPassword.util.ts", "TypeScript", 0, 0, 30, 0, 0, 0, 0, 0, 0, 0, 0, 3, 33
"c:\Users\User\Desktop\NestAuth\microservices\auth-microservice\src\modules\auth\shared\utils\deviceParser.util.ts", "TypeScript", 0, 0, 7, 0, 0, 0, 0, 0, 0, 0, 0, 3, 10
"c:\Users\User\Desktop\NestAuth\microservices\auth-microservice\src\modules\auth\shared\utils\getRandomCodes.util.ts", "TypeScript", 0, 0, 7, 0, 0, 0, 0, 0, 0, 0, 0, 3, 10
"c:\Users\User\Desktop\NestAuth\microservices\auth-microservice\src\modules\auth\shared\utils\index.js", "JavaScript", 0, 0, 0, 0, 0, 0, 13, 0, 0, 0, 0, 1, 14
"c:\Users\User\Desktop\NestAuth\microservices\auth-microservice\src\modules\auth\shared\utils\locationParser.util.ts", "TypeScript", 0, 0, 27, 0, 0, 0, 0, 0, 0, 0, 0, 1, 28
"c:\Users\User\Desktop\NestAuth\microservices\auth-microservice\src\modules\auth\shared\utils\parseTTL.ts", "TypeScript", 0, 0, 21, 0, 0, 0, 0, 0, 0, 0, 0, 7, 28
"c:\Users\User\Desktop\NestAuth\microservices\auth-microservice\src\modules\auth\shared\utils\redisRefreshString.utol.ts", "TypeScript", 0, 0, 7, 0, 0, 0, 0, 0, 0, 0, 0, 3, 10
"c:\Users\User\Desktop\NestAuth\microservices\auth-microservice\src\modules\core\amqp\amqp.config.ts", "TypeScript", 0, 0, 26, 0, 0, 0, 0, 0, 0, 0, 0, 6, 32
"c:\Users\User\Desktop\NestAuth\microservices\auth-microservice\src\modules\core\amqp\amqp.module.ts", "TypeScript", 0, 0, 23, 0, 0, 0, 0, 0, 0, 0, 0, 2, 25
"c:\Users\User\Desktop\NestAuth\microservices\auth-microservice\src\modules\core\amqp\amqp.service.ts", "TypeScript", 0, 0, 32, 0, 0, 0, 0, 0, 0, 0, 1, 6, 39
"c:\Users\User\Desktop\NestAuth\microservices\auth-microservice\src\modules\core\core.module.ts", "TypeScript", 0, 0, 13, 0, 0, 0, 0, 0, 0, 0, 0, 2, 15
"c:\Users\User\Desktop\NestAuth\microservices\auth-microservice\src\modules\core\cron\deleteUnverifiedAuth.cron.ts", "TypeScript", 0, 0, 19, 0, 0, 0, 0, 0, 0, 0, 0, 4, 23
"c:\Users\User\Desktop\NestAuth\microservices\auth-microservice\src\modules\core\prisma\prisma.module.ts", "TypeScript", 0, 0, 8, 0, 0, 0, 0, 0, 0, 0, 0, 2, 10
"c:\Users\User\Desktop\NestAuth\microservices\auth-microservice\src\modules\core\prisma\prisma.service.ts", "TypeScript", 0, 0, 50, 0, 0, 0, 0, 0, 0, 0, 0, 4, 54
"c:\Users\User\Desktop\NestAuth\microservices\auth-microservice\src\modules\core\redis\redis.config.ts", "TypeScript", 0, 0, 15, 0, 0, 0, 0, 0, 0, 0, 0, 2, 17
"c:\Users\User\Desktop\NestAuth\microservices\auth-microservice\src\modules\core\redis\redis.module.ts", "TypeScript", 0, 0, 10, 0, 0, 0, 0, 0, 0, 0, 0, 2, 12
"c:\Users\User\Desktop\NestAuth\microservices\auth-microservice\src\modules\core\redis\redis.service.ts", "TypeScript", 0, 0, 31, 0, 0, 0, 0, 0, 0, 0, 0, 7, 38
"c:\Users\User\Desktop\NestAuth\microservices\auth-microservice\tsconfig.build.json", "JSON", 0, 4, 0, 0, 0, 0, 0, 0, 0, 0, 0, 1, 5
"c:\Users\User\Desktop\NestAuth\microservices\auth-microservice\tsconfig.json", "JSON with Comments", 25, 0, 0, 0, 0, 0, 0, 0, 0, 0, 0, 1, 26
"c:\Users\User\Desktop\NestAuth\microservices\chat-ms\.prettierrc", "JSON", 0, 4, 0, 0, 0, 0, 0, 0, 0, 0, 0, 1, 5
"c:\Users\User\Desktop\NestAuth\microservices\chat-ms\README.md", "Markdown", 0, 0, 0, 10, 0, 0, 0, 0, 0, 0, 0, 8, 18
"c:\Users\User\Desktop\NestAuth\microservices\chat-ms\dockerfile", "Docker", 0, 0, 0, 0, 0, 0, 0, 15, 0, 0, 0, 6, 21
"c:\Users\User\Desktop\NestAuth\microservices\chat-ms\eslint.config.mjs", "JavaScript", 0, 0, 0, 0, 0, 0, 33, 0, 0, 0, 1, 2, 36
"c:\Users\User\Desktop\NestAuth\microservices\chat-ms\nest-cli.json", "JSON", 0, 8, 0, 0, 0, 0, 0, 0, 0, 0, 0, 1, 9
"c:\Users\User\Desktop\NestAuth\microservices\chat-ms\package-lock.json", "JSON", 0, 11666, 0, 0, 0, 0, 0, 0, 0, 0, 0, 1, 11667
"c:\Users\User\Desktop\NestAuth\microservices\chat-ms\package.json", "JSON", 0, 90, 0, 0, 0, 0, 0, 0, 0, 0, 0, 1, 91
"c:\Users\User\Desktop\NestAuth\microservices\chat-ms\prisma.config.ts", "TypeScript", 0, 0, 11, 0, 0, 0, 0, 0, 0, 0, 2, 2, 15
"c:\Users\User\Desktop\NestAuth\microservices\chat-ms\prisma\generated\browser.ts", "TypeScript", 0, 0, 7, 0, 0, 0, 0, 0, 0, 0, 25, 3, 35
"c:\Users\User\Desktop\NestAuth\microservices\chat-ms\prisma\generated\client.ts", "TypeScript", 0, 0, 14, 0, 0, 0, 0, 0, 0, 0, 35, 6, 55
"c:\Users\User\Desktop\NestAuth\microservices\chat-ms\prisma\generated\commonInputTypes.ts", "TypeScript", 0, 0, 447, 0, 0, 0, 0, 0, 0, 0, 9, 49, 505
"c:\Users\User\Desktop\NestAuth\microservices\chat-ms\prisma\generated\enums.ts", "TypeScript", 0, 0, 16, 0, 0, 0, 0, 0, 0, 0, 9, 10, 35
"c:\Users\User\Desktop\NestAuth\microservices\chat-ms\prisma\generated\internal\class.ts", "TypeScript", 0, 0, 71, 0, 0, 0, 0, 0, 0, 0, 118, 32, 221
"c:\Users\User\Desktop\NestAuth\microservices\chat-ms\prisma\generated\internal\prismaNamespace.ts", "TypeScript", 0, 0, 631, 0, 0, 0, 0, 0, 0, 0, 214, 159, 1004
"c:\Users\User\Desktop\NestAuth\microservices\chat-ms\prisma\generated\internal\prismaNamespaceBrowser.ts", "TypeScript", 0, 0, 84, 0, 0, 0, 0, 0, 0, 0, 33, 34, 151
"c:\Users\User\Desktop\NestAuth\microservices\chat-ms\prisma\generated\models.ts", "TypeScript", 0, 0, 4, 0, 0, 0, 0, 0, 0, 0, 9, 1, 14
"c:\Users\User\Desktop\NestAuth\microservices\chat-ms\prisma\generated\models\Chat.ts", "TypeScript", 0, 0, 921, 0, 0, 0, 0, 0, 0, 0, 675, 117, 1713
"c:\Users\User\Desktop\NestAuth\microservices\chat-ms\prisma\generated\models\ChatMember.ts", "TypeScript", 0, 0, 818, 0, 0, 0, 0, 0, 0, 0, 638, 105, 1561
"c:\Users\User\Desktop\NestAuth\microservices\chat-ms\prisma\generated\models\Message.ts", "TypeScript", 0, 0, 1135, 0, 0, 0, 0, 0, 0, 0, 680, 137, 1952
"c:\Users\User\Desktop\NestAuth\microservices\chat-ms\prisma\migrations\20260412200246_add_request_id\migration.sql", "MS SQL", 0, 0, 0, 0, 62, 0, 0, 0, 0, 0, 21, 24, 107
"c:\Users\User\Desktop\NestAuth\microservices\chat-ms\prisma\migrations\20260416090658_fix_bugs\migration.sql", "MS SQL", 0, 0, 0, 0, 2, 0, 0, 0, 0, 0, 9, 2, 13
"c:\Users\User\Desktop\NestAuth\microservices\chat-ms\prisma\schema.prisma", "Prisma", 0, 0, 0, 0, 0, 78, 0, 0, 0, 0, 4, 13, 95
"c:\Users\User\Desktop\NestAuth\microservices\chat-ms\src\app.controller.ts", "TypeScript", 0, 0, 34, 0, 0, 0, 0, 0, 0, 0, 0, 3, 37
"c:\Users\User\Desktop\NestAuth\microservices\chat-ms\src\app.module.ts", "TypeScript", 0, 0, 21, 0, 0, 0, 0, 0, 0, 0, 0, 2, 23
"c:\Users\User\Desktop\NestAuth\microservices\chat-ms\src\common\config\auth-grpc.client.ts", "TypeScript", 0, 0, 29, 0, 0, 0, 0, 0, 0, 0, 0, 2, 31
"c:\Users\User\Desktop\NestAuth\microservices\chat-ms\src\common\config\cors.config.ts", "TypeScript", 0, 0, 8, 0, 0, 0, 0, 0, 0, 0, 0, 2, 10
"c:\Users\User\Desktop\NestAuth\microservices\chat-ms\src\common\config\grpc.config.ts", "TypeScript", 0, 0, 20, 0, 0, 0, 0, 0, 0, 0, 0, 2, 22
"c:\Users\User\Desktop\NestAuth\microservices\chat-ms\src\common\config\index.ts", "TypeScript", 0, 0, 4, 0, 0, 0, 0, 0, 0, 0, 0, 1, 5
"c:\Users\User\Desktop\NestAuth\microservices\chat-ms\src\common\config\swager.config.ts", "TypeScript", 0, 0, 17, 0, 0, 0, 0, 0, 0, 0, 0, 4, 21
"c:\Users\User\Desktop\NestAuth\microservices\chat-ms\src\common\config\validation-pipe.config.ts", "TypeScript", 0, 0, 4, 0, 0, 0, 0, 0, 0, 0, 0, 2, 6
"c:\Users\User\Desktop\NestAuth\microservices\chat-ms\src\common\errors\api\api.error.ts", "TypeScript", 0, 0, 53, 0, 0, 0, 0, 0, 0, 0, 0, 9, 62
"c:\Users\User\Desktop\NestAuth\microservices\chat-ms\src\common\errors\api\default\defaultError.handler.ts", "TypeScript", 0, 0, 24, 0, 0, 0, 0, 0, 0, 0, 0, 4, 28
"c:\Users\User\Desktop\NestAuth\microservices\chat-ms\src\common\errors\api\grpc\grpcError.handler.ts", "TypeScript", 0, 0, 23, 0, 0, 0, 0, 0, 0, 0, 0, 5, 28
"c:\Users\User\Desktop\NestAuth\microservices\chat-ms\src\common\errors\api\http\httpError.handler.ts", "TypeScript", 0, 0, 51, 0, 0, 0, 0, 0, 0, 0, 0, 8, 59
"c:\Users\User\Desktop\NestAuth\microservices\chat-ms\src\common\errors\app.error.ts", "TypeScript", 0, 0, 117, 0, 0, 0, 0, 0, 0, 0, 0, 11, 128
"c:\Users\User\Desktop\NestAuth\microservices\chat-ms\src\common\errors\application\application.error.ts", "TypeScript", 0, 0, 11, 0, 0, 0, 0, 0, 0, 0, 0, 2, 13
"c:\Users\User\Desktop\NestAuth\microservices\chat-ms\src\common\errors\application\errors\conflictApp.error.ts", "TypeScript", 0, 0, 9, 0, 0, 0, 0, 0, 0, 0, 0, 2, 11
"c:\Users\User\Desktop\NestAuth\microservices\chat-ms\src\common\errors\application\errors\notFoundApp.error.ts", "TypeScript", 0, 0, 6, 0, 0, 0, 0, 0, 0, 0, 0, 2, 8
"c:\Users\User\Desktop\NestAuth\microservices\chat-ms\src\common\errors\domain\domain.error.ts", "TypeScript", 0, 0, 16, 0, 0, 0, 0, 0, 0, 0, 0, 2, 18
"c:\Users\User\Desktop\NestAuth\microservices\chat-ms\src\common\errors\domain\errors\validation.error.ts", "TypeScript", 0, 0, 7, 0, 0, 0, 0, 0, 0, 0, 0, 2, 9
"c:\Users\User\Desktop\NestAuth\microservices\chat-ms\src\common\errors\index.ts", "TypeScript", 0, 0, 8, 0, 0, 0, 0, 0, 0, 0, 0, 1, 9
"c:\Users\User\Desktop\NestAuth\microservices\chat-ms\src\common\errors\infrastructure\errors\dependencyUnavailable.error.ts", "TypeScript", 0, 0, 15, 0, 0, 0, 0, 0, 0, 0, 0, 2, 17
"c:\Users\User\Desktop\NestAuth\microservices\chat-ms\src\common\errors\infrastructure\errors\persistence.error.ts", "TypeScript", 0, 0, 10, 0, 0, 0, 0, 0, 0, 0, 0, 2, 12
"c:\Users\User\Desktop\NestAuth\microservices\chat-ms\src\common\errors\infrastructure\infrastructure.error.ts", "TypeScript", 0, 0, 19, 0, 0, 0, 0, 0, 0, 0, 0, 2, 21
"c:\Users\User\Desktop\NestAuth\microservices\chat-ms\src\common\errors\server\server.error.ts", "TypeScript", 0, 0, 16, 0, 0, 0, 0, 0, 0, 0, 0, 2, 18
"c:\Users\User\Desktop\NestAuth\microservices\chat-ms\src\common\filters\globalException.filter.ts", "TypeScript", 0, 0, 35, 0, 0, 0, 0, 0, 0, 0, 0, 6, 41
"c:\Users\User\Desktop\NestAuth\microservices\chat-ms\src\common\interceptors\loggining.intrceptor.ts", "TypeScript", 0, 0, 29, 0, 0, 0, 0, 0, 0, 0, 0, 5, 34
"c:\Users\User\Desktop\NestAuth\microservices\chat-ms\src\main.ts", "TypeScript", 0, 0, 65, 0, 0, 0, 0, 0, 0, 0, 0, 13, 78
"c:\Users\User\Desktop\NestAuth\microservices\chat-ms\src\modules\chat\api\gRPC\chat.grpc.controller.ts", "TypeScript", 0, 0, 121, 0, 0, 0, 0, 0, 0, 0, 0, 21, 142
"c:\Users\User\Desktop\NestAuth\microservices\chat-ms\src\modules\chat\api\gRPC\mappers\memberRole.mapper.ts", "TypeScript", 0, 0, 7, 0, 0, 0, 0, 0, 0, 0, 0, 2, 9
"c:\Users\User\Desktop\NestAuth\microservices\chat-ms\src\modules\chat\api\gRPC\mappers\messageKind.mapper.ts", "TypeScript", 0, 0, 5, 0, 0, 0, 0, 0, 0, 0, 0, 2, 7
"c:\Users\User\Desktop\NestAuth\microservices\chat-ms\src\modules\chat\api\gRPC\mappers\timeStamp.mapper.ts", "TypeScript", 0, 0, 8, 0, 0, 0, 0, 0, 0, 0, 0, 2, 10
"c:\Users\User\Desktop\NestAuth\microservices\chat-ms\src\modules\chat\api\gRPC\mappers\toGrpcChat.mapper.ts", "TypeScript", 0, 0, 17, 0, 0, 0, 0, 0, 0, 0, 0, 2, 19
"c:\Users\User\Desktop\NestAuth\microservices\chat-ms\src\modules\chat\api\gRPC\mappers\toGrpcChatParticipant.mapper.ts", "TypeScript", 0, 0, 13, 0, 0, 0, 0, 0, 0, 0, 0, 2, 15
"c:\Users\User\Desktop\NestAuth\microservices\chat-ms\src\modules\chat\api\gRPC\mappers\toGrpcChatUserState.mapper.ts", "TypeScript", 0, 0, 15, 0, 0, 0, 0, 0, 0, 0, 0, 2, 17
"c:\Users\User\Desktop\NestAuth\microservices\chat-ms\src\modules\chat\api\gRPC\mappers\toGrpcChatViews.mapper.ts", "TypeScript", 0, 0, 28, 0, 0, 0, 0, 0, 0, 0, 0, 3, 31
"c:\Users\User\Desktop\NestAuth\microservices\chat-ms\src\modules\chat\api\gRPC\mappers\toGrpcMessage.mapper.ts", "TypeScript", 0, 0, 18, 0, 0, 0, 0, 0, 0, 0, 0, 2, 20
"c:\Users\User\Desktop\NestAuth\microservices\chat-ms\src\modules\chat\api\gRPC\mappers\toTimeStampOrUndefined.mapper.ts", "TypeScript", 0, 0, 7, 0, 0, 0, 0, 0, 0, 0, 0, 2, 9
"c:\Users\User\Desktop\NestAuth\microservices\chat-ms\src\modules\chat\application\chat.application-support.ts", "TypeScript", 0, 0, 169, 0, 0, 0, 0, 0, 0, 0, 0, 31, 200
"c:\Users\User\Desktop\NestAuth\microservices\chat-ms\src\modules\chat\application\chat.new.facade.ts", "TypeScript", 0, 0, 186, 0, 0, 0, 0, 0, 0, 0, 0, 24, 210
"c:\Users\User\Desktop\NestAuth\microservices\chat-ms\src\modules\chat\application\commands\add-members\add-members.command.ts", "TypeScript", 0, 0, 4, 0, 0, 0, 0, 0, 0, 0, 0, 2, 6
"c:\Users\User\Desktop\NestAuth\microservices\chat-ms\src\modules\chat\application\commands\add-members\add-members.handler.ts", "TypeScript", 0, 0, 35, 0, 0, 0, 0, 0, 0, 0, 0, 7, 42
"c:\Users\User\Desktop\NestAuth\microservices\chat-ms\src\modules\chat\application\commands\archive-chat\archive-chat.command.ts", "TypeScript", 0, 0, 4, 0, 0, 0, 0, 0, 0, 0, 0, 2, 6
"c:\Users\User\Desktop\NestAuth\microservices\chat-ms\src\modules\chat\application\commands\archive-chat\archive-chat.handler.ts", "TypeScript", 0, 0, 23, 0, 0, 0, 0, 0, 0, 0, 0, 4, 27
"c:\Users\User\Desktop\NestAuth\microservices\chat-ms\src\modules\chat\application\commands\create-chat\create-chat.command.ts", "TypeScript", 0, 0, 4, 0, 0, 0, 0, 0, 0, 0, 0, 2, 6
"c:\Users\User\Desktop\NestAuth\microservices\chat-ms\src\modules\chat\application\commands\create-chat\create-chat.handler.ts", "TypeScript", 0, 0, 57, 0, 0, 0, 0, 0, 0, 0, 0, 11, 68
"c:\Users\User\Desktop\NestAuth\microservices\chat-ms\src\modules\chat\application\commands\delete-chat\delete-chat.command.ts", "TypeScript", 0, 0, 4, 0, 0, 0, 0, 0, 0, 0, 0, 2, 6
"c:\Users\User\Desktop\NestAuth\microservices\chat-ms\src\modules\chat\application\commands\delete-chat\delete-chat.handler.ts", "TypeScript", 0, 0, 21, 0, 0, 0, 0, 0, 0, 0, 0, 4, 25
"c:\Users\User\Desktop\NestAuth\microservices\chat-ms\src\modules\chat\application\commands\delete-message\delete-message.command.ts", "TypeScript", 0, 0, 4, 0, 0, 0, 0, 0, 0, 0, 0, 2, 6
"c:\Users\User\Desktop\NestAuth\microservices\chat-ms\src\modules\chat\application\commands\delete-message\delete-message.handler.ts", "TypeScript", 0, 0, 30, 0, 0, 0, 0, 0, 0, 0, 0, 5, 35
"c:\Users\User\Desktop\NestAuth\microservices\chat-ms\src\modules\chat\application\commands\dto\add-members.dto.ts", "TypeScript", 0, 0, 5, 0, 0, 0, 0, 0, 0, 0, 0, 1, 6
"c:\Users\User\Desktop\NestAuth\microservices\chat-ms\src\modules\chat\application\commands\dto\archive-chat.dto.ts", "TypeScript", 0, 0, 4, 0, 0, 0, 0, 0, 0, 0, 0, 1, 5
"c:\Users\User\Desktop\NestAuth\microservices\chat-ms\src\modules\chat\application\commands\dto\create-chat.dto.ts", "TypeScript", 0, 0, 9, 0, 0, 0, 0, 0, 0, 0, 0, 2, 11
"c:\Users\User\Desktop\NestAuth\microservices\chat-ms\src\modules\chat\application\commands\dto\delete-chat.dto.ts", "TypeScript", 0, 0, 4, 0, 0, 0, 0, 0, 0, 0, 0, 1, 5
"c:\Users\User\Desktop\NestAuth\microservices\chat-ms\src\modules\chat\application\commands\dto\delete-message.dto.ts", "TypeScript", 0, 0, 4, 0, 0, 0, 0, 0, 0, 0, 0, 1, 5
"c:\Users\User\Desktop\NestAuth\microservices\chat-ms\src\modules\chat\application\commands\dto\leave-chat.dto.ts", "TypeScript", 0, 0, 4, 0, 0, 0, 0, 0, 0, 0, 0, 1, 5
"c:\Users\User\Desktop\NestAuth\microservices\chat-ms\src\modules\chat\application\commands\dto\mark-as-read.dto.ts", "TypeScript", 0, 0, 5, 0, 0, 0, 0, 0, 0, 0, 0, 1, 6
"c:\Users\User\Desktop\NestAuth\microservices\chat-ms\src\modules\chat\application\commands\dto\mute-chat.dto.ts", "TypeScript", 0, 0, 6, 0, 0, 0, 0, 0, 0, 0, 0, 2, 8
"c:\Users\User\Desktop\NestAuth\microservices\chat-ms\src\modules\chat\application\commands\dto\remove-member.dto.ts", "TypeScript", 0, 0, 5, 0, 0, 0, 0, 0, 0, 0, 0, 1, 6
"c:\Users\User\Desktop\NestAuth\microservices\chat-ms\src\modules\chat\application\commands\dto\send-message.dto.ts", "TypeScript", 0, 0, 10, 0, 0, 0, 0, 0, 0, 0, 0, 2, 12
"c:\Users\User\Desktop\NestAuth\microservices\chat-ms\src\modules\chat\application\commands\dto\unarchive-chat.dto.ts", "TypeScript", 0, 0, 4, 0, 0, 0, 0, 0, 0, 0, 0, 1, 5
"c:\Users\User\Desktop\NestAuth\microservices\chat-ms\src\modules\chat\application\commands\dto\unmute-chat.dto.ts", "TypeScript", 0, 0, 4, 0, 0, 0, 0, 0, 0, 0, 0, 1, 5
"c:\Users\User\Desktop\NestAuth\microservices\chat-ms\src\modules\chat\application\commands\dto\update-chat.dto.ts", "TypeScript", 0, 0, 6, 0, 0, 0, 0, 0, 0, 0, 0, 1, 7
"c:\Users\User\Desktop\NestAuth\microservices\chat-ms\src\modules\chat\application\commands\dto\update-message.dto.ts", "TypeScript", 0, 0, 5, 0, 0, 0, 0, 0, 0, 0, 0, 1, 6
"c:\Users\User\Desktop\NestAuth\microservices\chat-ms\src\modules\chat\application\commands\leave-chat\leave-chat.command.ts", "TypeScript", 0, 0, 4, 0, 0, 0, 0, 0, 0, 0, 0, 2, 6
"c:\Users\User\Desktop\NestAuth\microservices\chat-ms\src\modules\chat\application\commands\leave-chat\leave-chat.handler.ts", "TypeScript", 0, 0, 24, 0, 0, 0, 0, 0, 0, 0, 0, 4, 28
"c:\Users\User\Desktop\NestAuth\microservices\chat-ms\src\modules\chat\application\commands\mark-as-read\mark-as-read.command.ts", "TypeScript", 0, 0, 4, 0, 0, 0, 0, 0, 0, 0, 0, 2, 6
"c:\Users\User\Desktop\NestAuth\microservices\chat-ms\src\modules\chat\application\commands\mark-as-read\mark-as-read.handler.ts", "TypeScript", 0, 0, 35, 0, 0, 0, 0, 0, 0, 0, 0, 5, 40
"c:\Users\User\Desktop\NestAuth\microservices\chat-ms\src\modules\chat\application\commands\mute-chat\mute-chat.command.ts", "TypeScript", 0, 0, 4, 0, 0, 0, 0, 0, 0, 0, 0, 2, 6
"c:\Users\User\Desktop\NestAuth\microservices\chat-ms\src\modules\chat\application\commands\mute-chat\mute-chat.handler.ts", "TypeScript", 0, 0, 24, 0, 0, 0, 0, 0, 0, 0, 0, 5, 29
"c:\Users\User\Desktop\NestAuth\microservices\chat-ms\src\modules\chat\application\commands\remove-member\remove-member.command.ts", "TypeScript", 0, 0, 4, 0, 0, 0, 0, 0, 0, 0, 0, 2, 6
"c:\Users\User\Desktop\NestAuth\microservices\chat-ms\src\modules\chat\application\commands\remove-member\remove-member.handler.ts", "TypeScript", 0, 0, 27, 0, 0, 0, 0, 0, 0, 0, 0, 5, 32
"c:\Users\User\Desktop\NestAuth\microservices\chat-ms\src\modules\chat\application\commands\send-message\send-message.command.ts", "TypeScript", 0, 0, 4, 0, 0, 0, 0, 0, 0, 0, 0, 2, 6
"c:\Users\User\Desktop\NestAuth\microservices\chat-ms\src\modules\chat\application\commands\send-message\send-message.handler.ts", "TypeScript", 0, 0, 37, 0, 0, 0, 0, 0, 0, 0, 0, 7, 44
"c:\Users\User\Desktop\NestAuth\microservices\chat-ms\src\modules\chat\application\commands\unarchive-chat\unarchive-chat.command.ts", "TypeScript", 0, 0, 4, 0, 0, 0, 0, 0, 0, 0, 0, 2, 6
"c:\Users\User\Desktop\NestAuth\microservices\chat-ms\src\modules\chat\application\commands\unarchive-chat\unarchive-chat.handler.ts", "TypeScript", 0, 0, 23, 0, 0, 0, 0, 0, 0, 0, 0, 4, 27
"c:\Users\User\Desktop\NestAuth\microservices\chat-ms\src\modules\chat\application\commands\unmute-chat\unmute-chat.command.ts", "TypeScript", 0, 0, 4, 0, 0, 0, 0, 0, 0, 0, 0, 2, 6
"c:\Users\User\Desktop\NestAuth\microservices\chat-ms\src\modules\chat\application\commands\unmute-chat\unmute-chat.handler.ts", "TypeScript", 0, 0, 27, 0, 0, 0, 0, 0, 0, 0, 0, 5, 32
"c:\Users\User\Desktop\NestAuth\microservices\chat-ms\src\modules\chat\application\commands\update-chat\update-chat.command.ts", "TypeScript", 0, 0, 4, 0, 0, 0, 0, 0, 0, 0, 0, 2, 6
"c:\Users\User\Desktop\NestAuth\microservices\chat-ms\src\modules\chat\application\commands\update-chat\update-chat.handler.ts", "TypeScript", 0, 0, 29, 0, 0, 0, 0, 0, 0, 0, 0, 6, 35
"c:\Users\User\Desktop\NestAuth\microservices\chat-ms\src\modules\chat\application\commands\update-message\update-message.command.ts", "TypeScript", 0, 0, 4, 0, 0, 0, 0, 0, 0, 0, 0, 2, 6
"c:\Users\User\Desktop\NestAuth\microservices\chat-ms\src\modules\chat\application\commands\update-message\update-message.handler.ts", "TypeScript", 0, 0, 30, 0, 0, 0, 0, 0, 0, 0, 0, 5, 35
"c:\Users\User\Desktop\NestAuth\microservices\chat-ms\src\modules\chat\application\events\create-chat\create-chat.handler.ts", "TypeScript", 0, 0, 22, 0, 0, 0, 0, 0, 0, 0, 0, 5, 27
"c:\Users\User\Desktop\NestAuth\microservices\chat-ms\src\modules\chat\application\index.ts", "TypeScript", 0, 0, 2, 0, 0, 0, 0, 0, 0, 0, 0, 1, 3
"c:\Users\User\Desktop\NestAuth\microservices\chat-ms\src\modules\chat\application\queries\dto\get-chat-members.dto.ts", "TypeScript", 0, 0, 6, 0, 0, 0, 0, 0, 0, 0, 0, 1, 7
"c:\Users\User\Desktop\NestAuth\microservices\chat-ms\src\modules\chat\application\queries\dto\get-chat.dto.ts", "TypeScript", 0, 0, 4, 0, 0, 0, 0, 0, 0, 0, 0, 1, 5
"c:\Users\User\Desktop\NestAuth\microservices\chat-ms\src\modules\chat\application\queries\dto\list-chats.dto.ts", "TypeScript", 0, 0, 6, 0, 0, 0, 0, 0, 0, 0, 0, 1, 7
"c:\Users\User\Desktop\NestAuth\microservices\chat-ms\src\modules\chat\application\queries\dto\list-messages.dto.ts", "TypeScript", 0, 0, 6, 0, 0, 0, 0, 0, 0, 0, 0, 1, 7
"c:\Users\User\Desktop\NestAuth\microservices\chat-ms\src\modules\chat\application\queries\get-chat-members\get-chat-members.handler.ts", "TypeScript", 0, 0, 21, 0, 0, 0, 0, 0, 0, 0, 0, 3, 24
"c:\Users\User\Desktop\NestAuth\microservices\chat-ms\src\modules\chat\application\queries\get-chat-members\get-chat-members.query.ts", "TypeScript", 0, 0, 4, 0, 0, 0, 0, 0, 0, 0, 0, 2, 6
"c:\Users\User\Desktop\NestAuth\microservices\chat-ms\src\modules\chat\application\queries\get-chat\get-chat.command.ts", "TypeScript", 0, 0, 4, 0, 0, 0, 0, 0, 0, 0, 0, 2, 6
"c:\Users\User\Desktop\NestAuth\microservices\chat-ms\src\modules\chat\application\queries\get-chat\get-chat.handler.ts", "TypeScript", 0, 0, 16, 0, 0, 0, 0, 0, 0, 0, 0, 4, 20
"c:\Users\User\Desktop\NestAuth\microservices\chat-ms\src\modules\chat\application\queries\list-chats\list-chats.handler.ts", "TypeScript", 0, 0, 61, 0, 0, 0, 0, 0, 0, 0, 0, 7, 68
"c:\Users\User\Desktop\NestAuth\microservices\chat-ms\src\modules\chat\application\queries\list-chats\list-chats.query.ts", "TypeScript", 0, 0, 4, 0, 0, 0, 0, 0, 0, 0, 0, 2, 6
"c:\Users\User\Desktop\NestAuth\microservices\chat-ms\src\modules\chat\application\queries\list-messages\list-messages.handler.ts", "TypeScript", 0, 0, 53, 0, 0, 0, 0, 0, 0, 0, 0, 7, 60
"c:\Users\User\Desktop\NestAuth\microservices\chat-ms\src\modules\chat\application\queries\list-messages\list-messages.query.ts", "TypeScript", 0, 0, 4, 0, 0, 0, 0, 0, 0, 0, 0, 2, 6
"c:\Users\User\Desktop\NestAuth\microservices\chat-ms\src\modules\chat\chat.module.ts", "TypeScript", 0, 0, 83, 0, 0, 0, 0, 0, 0, 0, 0, 5, 88
"c:\Users\User\Desktop\NestAuth\microservices\chat-ms\src\modules\chat\domain\chat\chat.aggregate.ts", "TypeScript", 0, 0, 170, 0, 0, 0, 0, 0, 0, 0, 0, 40, 210
"c:\Users\User\Desktop\NestAuth\microservices\chat-ms\src\modules\chat\domain\chat\chat.interface.ts", "TypeScript", 0, 0, 35, 0, 0, 0, 0, 0, 0, 0, 0, 5, 40
"c:\Users\User\Desktop\NestAuth\microservices\chat-ms\src\modules\chat\domain\chat\events\chat-created.event.ts", "TypeScript", 0, 0, 10, 0, 0, 0, 0, 0, 0, 0, 0, 2, 12
"c:\Users\User\Desktop\NestAuth\microservices\chat-ms\src\modules\chat\domain\common\aggregate-root.ts", "TypeScript", 0, 0, 11, 0, 0, 0, 0, 0, 0, 0, 0, 3, 14
"c:\Users\User\Desktop\NestAuth\microservices\chat-ms\src\modules\chat\domain\index.ts", "TypeScript", 0, 0, 10, 0, 0, 0, 0, 0, 0, 0, 0, 3, 13
"c:\Users\User\Desktop\NestAuth\microservices\chat-ms\src\modules\chat\domain\member\member.aggregate.ts", "TypeScript", 0, 0, 143, 0, 0, 0, 0, 0, 0, 0, 0, 37, 180
"c:\Users\User\Desktop\NestAuth\microservices\chat-ms\src\modules\chat\domain\member\member.interface.ts", "TypeScript", 0, 0, 42, 0, 0, 0, 0, 0, 0, 0, 0, 7, 49
"c:\Users\User\Desktop\NestAuth\microservices\chat-ms\src\modules\chat\domain\message\message.aggregate.ts", "TypeScript", 0, 0, 136, 0, 0, 0, 0, 0, 0, 0, 0, 29, 165
"c:\Users\User\Desktop\NestAuth\microservices\chat-ms\src\modules\chat\domain\message\message.interface.ts", "TypeScript", 0, 0, 31, 0, 0, 0, 0, 0, 0, 0, 0, 4, 35
"c:\Users\User\Desktop\NestAuth\microservices\chat-ms\src\modules\chat\providers\amqp\amqp.adapter.ts", "TypeScript", 0, 0, 31, 0, 0, 0, 0, 0, 0, 0, 0, 2, 33
"c:\Users\User\Desktop\NestAuth\microservices\chat-ms\src\modules\chat\providers\amqp\amqp.port.ts", "TypeScript", 0, 0, 4, 0, 0, 0, 0, 0, 0, 0, 0, 2, 6
"c:\Users\User\Desktop\NestAuth\microservices\chat-ms\src\modules\chat\providers\auth-grpc\auth-grpc.adapter.ts", "TypeScript", 0, 0, 26, 0, 0, 0, 0, 0, 0, 0, 0, 2, 28
"c:\Users\User\Desktop\NestAuth\microservices\chat-ms\src\modules\chat\providers\auth-grpc\auth-grpc.port.ts", "TypeScript", 0, 0, 9, 0, 0, 0, 0, 0, 0, 0, 0, 2, 11
"c:\Users\User\Desktop\NestAuth\microservices\chat-ms\src\modules\chat\providers\index.ts", "TypeScript", 0, 0, 8, 0, 0, 0, 0, 0, 0, 0, 0, 1, 9
"c:\Users\User\Desktop\NestAuth\microservices\chat-ms\src\modules\chat\providers\prisma\prisma.adapter.ts", "TypeScript", 0, 0, 330, 0, 0, 0, 0, 0, 0, 0, 0, 29, 359
"c:\Users\User\Desktop\NestAuth\microservices\chat-ms\src\modules\chat\providers\prisma\prisma.port.ts", "TypeScript", 0, 0, 54, 0, 0, 0, 0, 0, 0, 0, 0, 11, 65
"c:\Users\User\Desktop\NestAuth\microservices\chat-ms\src\modules\chat\providers\redis\redis.adapter.ts", "TypeScript", 0, 0, 118, 0, 0, 0, 0, 0, 0, 0, 0, 12, 130
"c:\Users\User\Desktop\NestAuth\microservices\chat-ms\src\modules\chat\providers\redis\redis.port.ts", "TypeScript", 0, 0, 9, 0, 0, 0, 0, 0, 0, 0, 0, 1, 10
"c:\Users\User\Desktop\NestAuth\microservices\chat-ms\src\modules\core\amqp\amqp.config.ts", "TypeScript", 0, 0, 23, 0, 0, 0, 0, 0, 0, 0, 0, 7, 30
"c:\Users\User\Desktop\NestAuth\microservices\chat-ms\src\modules\core\amqp\amqp.module.ts", "TypeScript", 0, 0, 22, 0, 0, 0, 0, 0, 0, 0, 0, 2, 24
"c:\Users\User\Desktop\NestAuth\microservices\chat-ms\src\modules\core\amqp\amqp.service.ts", "TypeScript", 0, 0, 49, 0, 0, 0, 0, 0, 0, 0, 0, 12, 61
"c:\Users\User\Desktop\NestAuth\microservices\chat-ms\src\modules\core\prisma\prisma.module.ts", "TypeScript", 0, 0, 8, 0, 0, 0, 0, 0, 0, 0, 0, 2, 10
"c:\Users\User\Desktop\NestAuth\microservices\chat-ms\src\modules\core\prisma\prisma.service.ts", "TypeScript", 0, 0, 52, 0, 0, 0, 0, 0, 0, 0, 0, 5, 57
"c:\Users\User\Desktop\NestAuth\microservices\chat-ms\src\modules\core\redis\redis.config.ts", "TypeScript", 0, 0, 16, 0, 0, 0, 0, 0, 0, 0, 0, 2, 18
"c:\Users\User\Desktop\NestAuth\microservices\chat-ms\src\modules\core\redis\redis.module.ts", "TypeScript", 0, 0, 10, 0, 0, 0, 0, 0, 0, 0, 0, 2, 12
"c:\Users\User\Desktop\NestAuth\microservices\chat-ms\src\modules\core\redis\redis.service.ts", "TypeScript", 0, 0, 48, 0, 0, 0, 0, 0, 0, 0, 0, 8, 56
"c:\Users\User\Desktop\NestAuth\microservices\chat-ms\tsconfig.build.json", "JSON", 0, 4, 0, 0, 0, 0, 0, 0, 0, 0, 0, 1, 5
"c:\Users\User\Desktop\NestAuth\microservices\chat-ms\tsconfig.json", "JSON with Comments", 25, 0, 0, 0, 0, 0, 0, 0, 0, 0, 0, 1, 26
"c:\Users\User\Desktop\NestAuth\microservices\docker\docker-compose.yml", "YAML", 0, 0, 0, 0, 0, 0, 0, 0, 0, 54, 18, 8, 80
"c:\Users\User\Desktop\NestAuth\microservices\gateway-service\.prettierrc", "JSON", 0, 10, 0, 0, 0, 0, 0, 0, 0, 0, 0, 1, 11
"c:\Users\User\Desktop\NestAuth\microservices\gateway-service\README.md", "Markdown", 0, 0, 0, 68, 0, 0, 0, 0, 0, 0, 2, 29, 99
"c:\Users\User\Desktop\NestAuth\microservices\gateway-service\eslint.config.mjs", "JavaScript", 0, 0, 0, 0, 0, 0, 38, 0, 0, 0, 1, 9, 48
"c:\Users\User\Desktop\NestAuth\microservices\gateway-service\nest-cli.json", "JSON", 0, 8, 0, 0, 0, 0, 0, 0, 0, 0, 0, 1, 9
"c:\Users\User\Desktop\NestAuth\microservices\gateway-service\package-lock.json", "JSON", 0, 12992, 0, 0, 0, 0, 0, 0, 0, 0, 0, 1, 12993
"c:\Users\User\Desktop\NestAuth\microservices\gateway-service\package.json", "JSON", 0, 93, 0, 0, 0, 0, 0, 0, 0, 0, 0, 1, 94
"c:\Users\User\Desktop\NestAuth\microservices\gateway-service\src\app.module.ts", "TypeScript", 0, 0, 31, 0, 0, 0, 0, 0, 0, 0, 11, 2, 44
"c:\Users\User\Desktop\NestAuth\microservices\gateway-service\src\common\config\authGrpc.config.ts", "TypeScript", 0, 0, 22, 0, 0, 0, 0, 0, 0, 0, 0, 2, 24
"c:\Users\User\Desktop\NestAuth\microservices\gateway-service\src\common\config\chatGrpc.config.ts", "TypeScript", 0, 0, 22, 0, 0, 0, 0, 0, 0, 0, 0, 2, 24
"c:\Users\User\Desktop\NestAuth\microservices\gateway-service\src\common\config\cors.config.ts", "TypeScript", 0, 0, 8, 0, 0, 0, 0, 0, 0, 0, 0, 2, 10
"c:\Users\User\Desktop\NestAuth\microservices\gateway-service\src\common\config\index.ts", "TypeScript", 0, 0, 3, 0, 0, 0, 0, 0, 0, 0, 0, 1, 4
"c:\Users\User\Desktop\NestAuth\microservices\gateway-service\src\common\config\swager.config.ts", "TypeScript", 0, 0, 30, 0, 0, 0, 0, 0, 0, 0, 0, 4, 34
"c:\Users\User\Desktop\NestAuth\microservices\gateway-service\src\common\config\userGrpc.config.ts", "TypeScript", 0, 0, 25, 0, 0, 0, 0, 0, 0, 0, 0, 2, 27
"c:\Users\User\Desktop\NestAuth\microservices\gateway-service\src\common\config\validation-pipe.config.ts", "TypeScript", 0, 0, 18, 0, 0, 0, 0, 0, 0, 0, 0, 2, 20
"c:\Users\User\Desktop\NestAuth\microservices\gateway-service\src\common\decorators\swagger.decorator.ts", "TypeScript", 0, 0, 4, 0, 0, 0, 0, 0, 0, 0, 0, 2, 6
"c:\Users\User\Desktop\NestAuth\microservices\gateway-service\src\common\decorators\userRefreshToken.decorator.ts", "TypeScript", 0, 0, 9, 0, 0, 0, 0, 0, 0, 0, 0, 3, 12
"c:\Users\User\Desktop\NestAuth\microservices\gateway-service\src\common\errors\gql.error.ts", "TypeScript", 0, 0, 25, 0, 0, 0, 0, 0, 0, 0, 0, 6, 31
"c:\Users\User\Desktop\NestAuth\microservices\gateway-service\src\common\filters\http-exception.filter.ts", "TypeScript", 0, 0, 185, 0, 0, 0, 0, 0, 0, 0, 0, 30, 215
"c:\Users\User\Desktop\NestAuth\microservices\gateway-service\src\common\guards\gql-throttler.quard.ts", "TypeScript", 0, 0, 20, 0, 0, 0, 0, 0, 0, 0, 0, 7, 27
"c:\Users\User\Desktop\NestAuth\microservices\gateway-service\src\common\interceptors\cookie.interceptor.ts", "TypeScript", 0, 0, 38, 0, 0, 0, 0, 0, 0, 0, 0, 4, 42
"c:\Users\User\Desktop\NestAuth\microservices\gateway-service\src\common\interceptors\loggining.intrceptor.ts", "TypeScript", 0, 0, 19, 0, 0, 0, 0, 0, 0, 0, 0, 4, 23
"c:\Users\User\Desktop\NestAuth\microservices\gateway-service\src\common\interceptors\response.interceptor.ts", "TypeScript", 0, 0, 36, 0, 0, 0, 0, 0, 0, 0, 0, 5, 41
"c:\Users\User\Desktop\NestAuth\microservices\gateway-service\src\main.ts", "TypeScript", 0, 0, 48, 0, 0, 0, 0, 0, 0, 0, 0, 12, 60
"c:\Users\User\Desktop\NestAuth\microservices\gateway-service\src\modules\core\redis\redis-io.adapter.ts", "TypeScript", 0, 0, 42, 0, 0, 0, 0, 0, 0, 0, 0, 15, 57
"c:\Users\User\Desktop\NestAuth\microservices\gateway-service\src\modules\core\redis\redis.config.ts", "TypeScript", 0, 0, 16, 0, 0, 0, 0, 0, 0, 0, 0, 2, 18
"c:\Users\User\Desktop\NestAuth\microservices\gateway-service\src\modules\core\redis\redis.module.ts", "TypeScript", 0, 0, 10, 0, 0, 0, 0, 0, 0, 0, 0, 2, 12
"c:\Users\User\Desktop\NestAuth\microservices\gateway-service\src\modules\core\redis\redis.service.ts", "TypeScript", 0, 0, 42, 0, 0, 0, 0, 0, 0, 0, 0, 9, 51
"c:\Users\User\Desktop\NestAuth\microservices\gateway-service\src\modules\core\ws\ws.module.ts", "TypeScript", 0, 0, 8, 0, 0, 0, 0, 0, 0, 0, 26, 4, 38
"c:\Users\User\Desktop\NestAuth\microservices\gateway-service\src\modules\core\ws\ws.service.ts", "TypeScript", 0, 0, 36, 0, 0, 0, 0, 0, 0, 0, 0, 10, 46
"c:\Users\User\Desktop\NestAuth\microservices\gateway-service\src\modules\gateway\auth\controllers\DTO\index.ts", "TypeScript", 0, 0, 1, 0, 0, 0, 0, 0, 0, 0, 0, 1, 2
"c:\Users\User\Desktop\NestAuth\microservices\gateway-service\src\modules\gateway\auth\controllers\DTO\requests\changePass.dto.ts", "TypeScript", 0, 0, 13, 0, 0, 0, 0, 0, 0, 0, 0, 2, 15
"c:\Users\User\Desktop\NestAuth\microservices\gateway-service\src\modules\gateway\auth\controllers\DTO\requests\deleteSession.dto.ts", "TypeScript", 0, 0, 5, 0, 0, 0, 0, 0, 0, 0, 0, 2, 7
"c:\Users\User\Desktop\NestAuth\microservices\gateway-service\src\modules\gateway\auth\controllers\DTO\requests\email.dto.ts", "TypeScript", 0, 0, 5, 0, 0, 0, 0, 0, 0, 0, 0, 2, 7
"c:\Users\User\Desktop\NestAuth\microservices\gateway-service\src\modules\gateway\auth\controllers\DTO\requests\getTempPass.dto.ts", "TypeScript", 0, 0, 5, 0, 0, 0, 0, 0, 0, 0, 0, 2, 7
"c:\Users\User\Desktop\NestAuth\microservices\gateway-service\src\modules\gateway\auth\controllers\DTO\requests\index.ts", "TypeScript", 0, 0, 2, 0, 0, 0, 0, 0, 0, 0, 0, 1, 3
"c:\Users\User\Desktop\NestAuth\microservices\gateway-service\src\modules\gateway\auth\controllers\DTO\requests\login-user.dto.ts", "TypeScript", 0, 0, 12, 0, 0, 0, 0, 0, 0, 0, 0, 4, 16
"c:\Users\User\Desktop\NestAuth\microservices\gateway-service\src\modules\gateway\auth\controllers\DTO\requests\login.dto.ts", "TypeScript", 0, 0, 7, 0, 0, 0, 0, 0, 0, 0, 0, 2, 9
"c:\Users\User\Desktop\NestAuth\microservices\gateway-service\src\modules\gateway\auth\controllers\DTO\requests\registrate-user.dto.ts", "TypeScript", 0, 0, 13, 0, 0, 0, 0, 0, 0, 0, 0, 3, 16
"c:\Users\User\Desktop\NestAuth\microservices\gateway-service\src\modules\gateway\auth\controllers\DTO\requests\registrate.dto.ts", "TypeScript", 0, 0, 6, 0, 0, 0, 0, 0, 0, 0, 0, 2, 8
"c:\Users\User\Desktop\NestAuth\microservices\gateway-service\src\modules\gateway\auth\controllers\DTO\requests\sessionData.dto.ts", "TypeScript", 0, 0, 32, 0, 0, 0, 0, 0, 0, 0, 0, 7, 39
"c:\Users\User\Desktop\NestAuth\microservices\gateway-service\src\modules\gateway\auth\controllers\DTO\requests\verify.dto.ts", "TypeScript", 0, 0, 10, 0, 0, 0, 0, 0, 0, 0, 0, 3, 13
"c:\Users\User\Desktop\NestAuth\microservices\gateway-service\src\modules\gateway\auth\controllers\REST\admin.controller.ts", "TypeScript", 0, 0, 34, 0, 0, 0, 0, 0, 0, 0, 0, 6, 40
"c:\Users\User\Desktop\NestAuth\microservices\gateway-service\src\modules\gateway\auth\controllers\REST\auth.controller.ts", "TypeScript", 0, 0, 50, 0, 0, 0, 0, 0, 0, 0, 0, 5, 55
"c:\Users\User\Desktop\NestAuth\microservices\gateway-service\src\modules\gateway\auth\controllers\REST\password.controller.ts", "TypeScript", 0, 0, 29, 0, 0, 0, 0, 0, 0, 0, 0, 3, 32
"c:\Users\User\Desktop\NestAuth\microservices\gateway-service\src\modules\gateway\auth\controllers\REST\registration.controller.ts", "TypeScript", 0, 0, 32, 0, 0, 0, 0, 0, 0, 0, 0, 5, 37
"c:\Users\User\Desktop\NestAuth\microservices\gateway-service\src\modules\gateway\auth\controllers\REST\session.controller.ts", "TypeScript", 0, 0, 25, 0, 0, 0, 0, 0, 0, 0, 0, 3, 28
"c:\Users\User\Desktop\NestAuth\microservices\gateway-service\src\modules\gateway\auth\controllers\docs\authSwagger.docs.ts", "TypeScript", 0, 0, 345, 0, 0, 0, 0, 0, 0, 0, 17, 7, 369
"c:\Users\User\Desktop\NestAuth\microservices\gateway-service\src\modules\gateway\auth\providers\facade\facade.adapter.ts", "TypeScript", 0, 0, 81, 0, 0, 0, 0, 0, 0, 0, 0, 17, 98
"c:\Users\User\Desktop\NestAuth\microservices\gateway-service\src\modules\gateway\auth\providers\facade\facade.port.ts", "TypeScript", 0, 0, 48, 0, 0, 0, 0, 0, 0, 0, 0, 13, 61
"c:\Users\User\Desktop\NestAuth\microservices\gateway-service\src\modules\gateway\auth\providers\index.ts", "TypeScript", 0, 0, 0, 0, 0, 0, 0, 0, 0, 0, 0, 1, 1
"c:\Users\User\Desktop\NestAuth\microservices\gateway-service\src\modules\gateway\chat\controllers\GQL\chat.resolver.ts", "TypeScript", 0, 0, 337, 0, 0, 0, 0, 0, 0, 0, 0, 40, 377
"c:\Users\User\Desktop\NestAuth\microservices\gateway-service\src\modules\gateway\chat\controllers\GQL\models\chat-gql.entity.ts", "TypeScript", 0, 0, 66, 0, 0, 0, 0, 0, 0, 0, 0, 26, 92
"c:\Users\User\Desktop\NestAuth\microservices\gateway-service\src\modules\gateway\chat\controllers\GQL\models\member-gql.entity.ts", "TypeScript", 0, 0, 11, 0, 0, 0, 0, 0, 0, 0, 0, 4, 15
"c:\Users\User\Desktop\NestAuth\microservices\gateway-service\src\modules\gateway\chat\controllers\GQL\models\message-gql.entity.ts", "TypeScript", 0, 0, 26, 0, 0, 0, 0, 0, 0, 0, 0, 12, 38
"c:\Users\User\Desktop\NestAuth\microservices\gateway-service\src\modules\gateway\chat\controllers\GQL\response\chat-response.gql.ts", "TypeScript", 0, 0, 25, 0, 0, 0, 0, 0, 0, 0, 0, 7, 32
"c:\Users\User\Desktop\NestAuth\microservices\gateway-service\src\modules\gateway\chat\controllers\REST\DTO\index.ts", "TypeScript", 0, 0, 1, 0, 0, 0, 0, 0, 0, 0, 0, 1, 2
"c:\Users\User\Desktop\NestAuth\microservices\gateway-service\src\modules\gateway\chat\controllers\REST\DTO\requests\add-members.dto.ts", "TypeScript", 0, 0, 12, 0, 0, 0, 0, 0, 0, 0, 0, 2, 14
"c:\Users\User\Desktop\NestAuth\microservices\gateway-service\src\modules\gateway\chat\controllers\REST\DTO\requests\create-chat.dto.ts", "TypeScript", 0, 0, 31, 0, 0, 0, 0, 0, 0, 0, 0, 6, 37
"c:\Users\User\Desktop\NestAuth\microservices\gateway-service\src\modules\gateway\chat\controllers\REST\DTO\requests\get-chat-members.dto.ts", "TypeScript", 0, 0, 4, 0, 0, 0, 0, 0, 0, 0, 0, 2, 6
"c:\Users\User\Desktop\NestAuth\microservices\gateway-service\src\modules\gateway\chat\controllers\REST\DTO\requests\index.ts", "TypeScript", 0, 0, 10, 0, 0, 0, 0, 0, 0, 0, 0, 1, 11
"c:\Users\User\Desktop\NestAuth\microservices\gateway-service\src\modules\gateway\chat\controllers\REST\DTO\requests\list-chats.dto.ts", "TypeScript", 0, 0, 26, 0, 0, 0, 0, 0, 0, 0, 0, 4, 30
"c:\Users\User\Desktop\NestAuth\microservices\gateway-service\src\modules\gateway\chat\controllers\REST\DTO\requests\list-messages.dto.ts", "TypeScript", 0, 0, 20, 0, 0, 0, 0, 0, 0, 0, 0, 3, 23
"c:\Users\User\Desktop\NestAuth\microservices\gateway-service\src\modules\gateway\chat\controllers\REST\DTO\requests\mark-as-read.dto.ts", "TypeScript", 0, 0, 10, 0, 0, 0, 0, 0, 0, 0, 0, 2, 12
"c:\Users\User\Desktop\NestAuth\microservices\gateway-service\src\modules\gateway\chat\controllers\REST\DTO\requests\mute-chat.dto.ts", "TypeScript", 0, 0, 10, 0, 0, 0, 0, 0, 0, 0, 0, 2, 12
"c:\Users\User\Desktop\NestAuth\microservices\gateway-service\src\modules\gateway\chat\controllers\REST\DTO\requests\send-message.dto.ts", "TypeScript", 0, 0, 25, 0, 0, 0, 0, 0, 0, 0, 0, 5, 30
"c:\Users\User\Desktop\NestAuth\microservices\gateway-service\src\modules\gateway\chat\controllers\REST\DTO\requests\update-chat.dto.ts", "TypeScript", 0, 0, 16, 0, 0, 0, 0, 0, 0, 0, 0, 3, 19
"c:\Users\User\Desktop\NestAuth\microservices\gateway-service\src\modules\gateway\chat\controllers\REST\DTO\requests\update-message.dto.ts", "TypeScript", 0, 0, 10, 0, 0, 0, 0, 0, 0, 0, 0, 2, 12
"c:\Users\User\Desktop\NestAuth\microservices\gateway-service\src\modules\gateway\chat\controllers\REST\chat.controller.ts", "TypeScript", 0, 0, 247, 0, 0, 0, 0, 0, 0, 0, 0, 22, 269
"c:\Users\User\Desktop\NestAuth\microservices\gateway-service\src\modules\gateway\chat\controllers\REST\docs\chatSwagger.docs.ts", "TypeScript", 0, 0, 285, 0, 0, 0, 0, 0, 0, 0, 0, 23, 308
"c:\Users\User\Desktop\NestAuth\microservices\gateway-service\src\modules\gateway\chat\controllers\WS\chat-ws.controller.ts", "TypeScript", 0, 0, 159, 0, 0, 0, 0, 0, 0, 0, 0, 31, 190
"c:\Users\User\Desktop\NestAuth\microservices\gateway-service\src\modules\gateway\chat\providers\facade\facade.adapter.ts", "TypeScript", 0, 0, 94, 0, 0, 0, 0, 0, 0, 0, 0, 5, 99
"c:\Users\User\Desktop\NestAuth\microservices\gateway-service\src\modules\gateway\chat\providers\facade\facade.port.ts", "TypeScript", 0, 0, 46, 0, 0, 0, 0, 0, 0, 0, 0, 2, 48
"c:\Users\User\Desktop\NestAuth\microservices\gateway-service\src\modules\gateway\chat\providers\index.ts", "TypeScript", 0, 0, 0, 0, 0, 0, 0, 0, 0, 0, 0, 1, 1
"c:\Users\User\Desktop\NestAuth\microservices\gateway-service\src\modules\gateway\gateway.module.ts", "TypeScript", 0, 0, 60, 0, 0, 0, 0, 0, 0, 0, 0, 2, 62
"c:\Users\User\Desktop\NestAuth\microservices\gateway-service\src\modules\gateway\shared\auth-token.service.ts", "TypeScript", 0, 0, 92, 0, 0, 0, 0, 0, 0, 0, 0, 20, 112
"c:\Users\User\Desktop\NestAuth\microservices\gateway-service\src\modules\gateway\shared\jwt.strategy.ts", "TypeScript", 0, 0, 21, 0, 0, 0, 0, 0, 0, 0, 0, 3, 24
"c:\Users\User\Desktop\NestAuth\microservices\gateway-service\src\modules\gateway\shared\refreshJwt.stratagy.ts", "TypeScript", 0, 0, 30, 0, 0, 0, 0, 0, 0, 0, 0, 3, 33
"c:\Users\User\Desktop\NestAuth\microservices\gateway-service\src\modules\gateway\user\controllers\GQL\models\user-gql.entity.ts", "TypeScript", 0, 0, 49, 0, 0, 0, 0, 0, 0, 0, 0, 15, 64
"c:\Users\User\Desktop\NestAuth\microservices\gateway-service\src\modules\gateway\user\controllers\GQL\response\response-with-pagination.gql.ts", "TypeScript", 0, 0, 25, 0, 0, 0, 0, 0, 0, 0, 0, 8, 33
"c:\Users\User\Desktop\NestAuth\microservices\gateway-service\src\modules\gateway\user\controllers\GQL\users.resolver.ts", "TypeScript", 0, 0, 64, 0, 0, 0, 0, 0, 0, 0, 0, 11, 75
"c:\Users\User\Desktop\NestAuth\microservices\gateway-service\src\modules\gateway\user\controllers\REST\users.controller.ts", "TypeScript", 0, 0, 64, 0, 0, 0, 0, 0, 0, 0, 0, 8, 72
"c:\Users\User\Desktop\NestAuth\microservices\gateway-service\src\modules\gateway\user\controllers\docs\userSwagger.docs.ts", "TypeScript", 0, 0, 158, 0, 0, 0, 0, 0, 0, 0, 0, 6, 164
"c:\Users\User\Desktop\NestAuth\microservices\gateway-service\src\modules\gateway\user\controllers\dto\create-user.dto.ts", "TypeScript", 0, 0, 10, 0, 0, 0, 0, 0, 0, 0, 0, 3, 13
"c:\Users\User\Desktop\NestAuth\microservices\gateway-service\src\modules\gateway\user\controllers\dto\update-user.dto.ts", "TypeScript", 0, 0, 17, 0, 0, 0, 0, 0, 0, 0, 0, 3, 20
"c:\Users\User\Desktop\NestAuth\microservices\gateway-service\src\modules\gateway\user\controllers\dto\user-query.dto.ts", "TypeScript", 0, 0, 66, 0, 0, 0, 0, 0, 0, 0, 0, 8, 74
"c:\Users\User\Desktop\NestAuth\microservices\gateway-service\src\modules\gateway\user\providers\facade\facade.adapter.ts", "TypeScript", 0, 0, 40, 0, 0, 0, 0, 0, 0, 0, 0, 10, 50
"c:\Users\User\Desktop\NestAuth\microservices\gateway-service\src\modules\gateway\user\providers\facade\facade.port.ts", "TypeScript", 0, 0, 19, 0, 0, 0, 0, 0, 0, 0, 0, 2, 21
"c:\Users\User\Desktop\NestAuth\microservices\gateway-service\src\modules\gateway\user\providers\index.ts", "TypeScript", 0, 0, 0, 0, 0, 0, 0, 0, 0, 0, 0, 1, 1
"c:\Users\User\Desktop\NestAuth\microservices\gateway-service\src\modules\health\health.controller.ts", "TypeScript", 0, 0, 26, 0, 0, 0, 0, 0, 0, 0, 0, 3, 29
"c:\Users\User\Desktop\NestAuth\microservices\gateway-service\src\modules\health\health.module.ts", "TypeScript", 0, 0, 9, 0, 0, 0, 0, 0, 0, 0, 0, 2, 11
"c:\Users\User\Desktop\NestAuth\microservices\gateway-service\src\modules\health\health.service.ts", "TypeScript", 0, 0, 8, 0, 0, 0, 0, 0, 0, 0, 1, 2, 11
"c:\Users\User\Desktop\NestAuth\microservices\gateway-service\src\shared\decorators\accessToken.decorator.ts", "TypeScript", 0, 0, 4, 0, 0, 0, 0, 0, 0, 0, 0, 2, 6
"c:\Users\User\Desktop\NestAuth\microservices\gateway-service\src\shared\decorators\refreshToken.decorator.ts", "TypeScript", 0, 0, 4, 0, 0, 0, 0, 0, 0, 0, 0, 2, 6
"c:\Users\User\Desktop\NestAuth\microservices\gateway-service\src\shared\decorators\roles.decorator.ts", "TypeScript", 0, 0, 2, 0, 0, 0, 0, 0, 0, 0, 0, 2, 4
"c:\Users\User\Desktop\NestAuth\microservices\gateway-service\src\shared\decorators\sessionData.decorator.ts", "TypeScript", 0, 0, 23, 0, 0, 0, 0, 0, 0, 0, 0, 2, 25
"c:\Users\User\Desktop\NestAuth\microservices\gateway-service\src\shared\guards\jwt-auth.guard.ts", "TypeScript", 0, 0, 25, 0, 0, 0, 0, 0, 0, 0, 0, 5, 30
"c:\Users\User\Desktop\NestAuth\microservices\gateway-service\src\shared\guards\refresh-jwt-auth.guard.ts", "TypeScript", 0, 0, 4, 0, 0, 0, 0, 0, 0, 0, 0, 2, 6
"c:\Users\User\Desktop\NestAuth\microservices\gateway-service\src\shared\guards\roles.guard.ts", "TypeScript", 0, 0, 19, 0, 0, 0, 0, 0, 0, 0, 0, 3, 22
"c:\Users\User\Desktop\NestAuth\microservices\gateway-service\src\shared\utils\checkPassword.util.ts", "TypeScript", 0, 0, 30, 0, 0, 0, 0, 0, 0, 0, 0, 3, 33
"c:\Users\User\Desktop\NestAuth\microservices\gateway-service\src\shared\utils\decodeJwtPayload.util.ts", "TypeScript", 0, 0, 15, 0, 0, 0, 0, 0, 0, 0, 0, 3, 18
"c:\Users\User\Desktop\NestAuth\microservices\gateway-service\src\shared\utils\deviceParser.util.ts", "TypeScript", 0, 0, 11, 0, 0, 0, 0, 0, 0, 0, 0, 1, 12
"c:\Users\User\Desktop\NestAuth\microservices\gateway-service\src\shared\utils\locationParser.util.ts", "TypeScript", 0, 0, 27, 0, 0, 0, 0, 0, 0, 0, 0, 1, 28
"c:\Users\User\Desktop\NestAuth\microservices\gateway-service\src\shared\utils\redisRefreshString.utol.ts", "TypeScript", 0, 0, 0, 0, 0, 0, 0, 0, 0, 0, 7, 3, 10
"c:\Users\User\Desktop\NestAuth\microservices\gateway-service\src\shared\validators\identifiyer.validator.ts", "TypeScript", 0, 0, 0, 0, 0, 0, 0, 0, 0, 0, 30, 5, 35
"c:\Users\User\Desktop\NestAuth\microservices\gateway-service\src\shared\validators\index.ts", "TypeScript", 0, 0, 2, 0, 0, 0, 0, 0, 0, 0, 0, 1, 3
"c:\Users\User\Desktop\NestAuth\microservices\gateway-service\src\shared\validators\password.validator.ts", "TypeScript", 0, 0, 33, 0, 0, 0, 0, 0, 0, 0, 0, 4, 37
"c:\Users\User\Desktop\NestAuth\microservices\gateway-service\tsconfig.auth.json", "JSON", 0, 20, 0, 0, 0, 0, 0, 0, 0, 0, 0, 1, 21
"c:\Users\User\Desktop\NestAuth\microservices\gateway-service\tsconfig.build.json", "JSON", 0, 4, 0, 0, 0, 0, 0, 0, 0, 0, 0, 1, 5
"c:\Users\User\Desktop\NestAuth\microservices\gateway-service\tsconfig.json", "JSON with Comments", 28, 0, 0, 0, 0, 0, 0, 0, 0, 0, 0, 1, 29
"c:\Users\User\Desktop\NestAuth\microservices\mail-microservice\.dockerignore", "Ignore", 0, 0, 0, 0, 0, 0, 0, 0, 24, 0, 10, 10, 44
"c:\Users\User\Desktop\NestAuth\microservices\mail-microservice\.prettierrc", "JSON", 0, 4, 0, 0, 0, 0, 0, 0, 0, 0, 0, 1, 5
"c:\Users\User\Desktop\NestAuth\microservices\mail-microservice\README.md", "Markdown", 0, 0, 0, 12, 0, 0, 0, 0, 0, 0, 0, 2, 14
"c:\Users\User\Desktop\NestAuth\microservices\mail-microservice\dockerfile", "Docker", 0, 0, 0, 0, 0, 0, 0, 14, 0, 0, 0, 6, 20
"c:\Users\User\Desktop\NestAuth\microservices\mail-microservice\eslint.config.mjs", "JavaScript", 0, 0, 0, 0, 0, 0, 33, 0, 0, 0, 1, 2, 36
"c:\Users\User\Desktop\NestAuth\microservices\mail-microservice\nest-cli.json", "JSON", 0, 8, 0, 0, 0, 0, 0, 0, 0, 0, 0, 1, 9
"c:\Users\User\Desktop\NestAuth\microservices\mail-microservice\package-lock.json", "JSON", 0, 10871, 0, 0, 0, 0, 0, 0, 0, 0, 0, 1, 10872
"c:\Users\User\Desktop\NestAuth\microservices\mail-microservice\package.json", "JSON", 0, 81, 0, 0, 0, 0, 0, 0, 0, 0, 0, 1, 82
"c:\Users\User\Desktop\NestAuth\microservices\mail-microservice\src\app.module.ts", "TypeScript", 0, 0, 11, 0, 0, 0, 0, 0, 0, 0, 0, 2, 13
"c:\Users\User\Desktop\NestAuth\microservices\mail-microservice\src\interceptors\loggining.intrceptor.ts", "TypeScript", 0, 0, 27, 0, 0, 0, 0, 0, 0, 0, 0, 4, 31
"c:\Users\User\Desktop\NestAuth\microservices\mail-microservice\src\main.ts", "TypeScript", 0, 0, 30, 0, 0, 0, 0, 0, 0, 0, 1, 3, 34
"c:\Users\User\Desktop\NestAuth\microservices\mail-microservice\src\modules\amqp\amqp.config.ts", "TypeScript", 0, 0, 29, 0, 0, 0, 0, 0, 0, 0, 0, 5, 34
"c:\Users\User\Desktop\NestAuth\microservices\mail-microservice\src\modules\amqp\amqp.module.ts", "TypeScript", 0, 0, 22, 0, 0, 0, 0, 0, 0, 0, 0, 2, 24
"c:\Users\User\Desktop\NestAuth\microservices\mail-microservice\src\modules\chanels\chanels.module.ts", "TypeScript", 0, 0, 6, 0, 0, 0, 0, 0, 0, 0, 0, 2, 8
"c:\Users\User\Desktop\NestAuth\microservices\mail-microservice\src\modules\chanels\consumer.service.ts", "TypeScript", 0, 0, 40, 0, 0, 0, 0, 0, 0, 0, 0, 4, 44
"c:\Users\User\Desktop\NestAuth\microservices\mail-microservice\src\modules\config\config.module.ts", "TypeScript", 0, 0, 14, 0, 0, 0, 0, 0, 0, 0, 0, 2, 16
"c:\Users\User\Desktop\NestAuth\microservices\mail-microservice\src\modules\config\env.interface.ts", "TypeScript", 0, 0, 4, 0, 0, 0, 0, 0, 0, 0, 3, 1, 8
"c:\Users\User\Desktop\NestAuth\microservices\mail-microservice\src\modules\config\env.validation.ts", "TypeScript", 0, 0, 7, 0, 0, 0, 0, 0, 0, 0, 3, 6, 16
"c:\Users\User\Desktop\NestAuth\microservices\mail-microservice\src\modules\mail\domain\dto\CreateMessageDTO.ts", "TypeScript", 0, 0, 17, 0, 0, 0, 0, 0, 0, 0, 0, 6, 23
"c:\Users\User\Desktop\NestAuth\microservices\mail-microservice\src\modules\mail\mail.module.ts", "TypeScript", 0, 0, 10, 0, 0, 0, 0, 0, 0, 0, 0, 2, 12
"c:\Users\User\Desktop\NestAuth\microservices\mail-microservice\src\modules\mail\mail.service.ts", "TypeScript", 0, 0, 79, 0, 0, 0, 0, 0, 0, 0, 0, 8, 87
"c:\Users\User\Desktop\NestAuth\microservices\mail-microservice\tsconfig.build.json", "JSON", 0, 4, 0, 0, 0, 0, 0, 0, 0, 0, 0, 1, 5
"c:\Users\User\Desktop\NestAuth\microservices\mail-microservice\tsconfig.json", "JSON with Comments", 25, 0, 0, 0, 0, 0, 0, 0, 0, 0, 0, 1, 26
"c:\Users\User\Desktop\NestAuth\microservices\user-microservice\.prettierrc", "JSON", 0, 4, 0, 0, 0, 0, 0, 0, 0, 0, 0, 1, 5
"c:\Users\User\Desktop\NestAuth\microservices\user-microservice\README.md", "Markdown", 0, 0, 0, 0, 0, 0, 0, 0, 0, 0, 0, 1, 1
"c:\Users\User\Desktop\NestAuth\microservices\user-microservice\dockerfile", "Docker", 0, 0, 0, 0, 0, 0, 0, 14, 0, 0, 0, 6, 20
"c:\Users\User\Desktop\NestAuth\microservices\user-microservice\eslint.config.mjs", "JavaScript", 0, 0, 0, 0, 0, 0, 33, 0, 0, 0, 1, 2, 36
"c:\Users\User\Desktop\NestAuth\microservices\user-microservice\nest-cli.json", "JSON", 0, 8, 0, 0, 0, 0, 0, 0, 0, 0, 0, 1, 9
"c:\Users\User\Desktop\NestAuth\microservices\user-microservice\package-lock.json", "JSON", 0, 11859, 0, 0, 0, 0, 0, 0, 0, 0, 0, 1, 11860
"c:\Users\User\Desktop\NestAuth\microservices\user-microservice\package.json", "JSON", 0, 89, 0, 0, 0, 0, 0, 0, 0, 0, 0, 1, 90
"c:\Users\User\Desktop\NestAuth\microservices\user-microservice\prisma.config.ts", "TypeScript", 0, 0, 11, 0, 0, 0, 0, 0, 0, 0, 2, 2, 15
"c:\Users\User\Desktop\NestAuth\microservices\user-microservice\prisma\generated\browser.ts", "TypeScript", 0, 0, 6, 0, 0, 0, 0, 0, 0, 0, 21, 3, 30
"c:\Users\User\Desktop\NestAuth\microservices\user-microservice\prisma\generated\client.ts", "TypeScript", 0, 0, 13, 0, 0, 0, 0, 0, 0, 0, 31, 6, 50
"c:\Users\User\Desktop\NestAuth\microservices\user-microservice\prisma\generated\commonInputTypes.ts", "TypeScript", 0, 0, 358, 0, 0, 0, 0, 0, 0, 0, 9, 35, 402
"c:\Users\User\Desktop\NestAuth\microservices\user-microservice\prisma\generated\enums.ts", "TypeScript", 0, 0, 1, 0, 0, 0, 0, 0, 0, 0, 10, 5, 16
"c:\Users\User\Desktop\NestAuth\microservices\user-microservice\prisma\generated\internal\class.ts", "TypeScript", 0, 0, 70, 0, 0, 0, 0, 0, 0, 0, 110, 31, 211
"c:\Users\User\Desktop\NestAuth\microservices\user-microservice\prisma\generated\internal\prismaNamespace.ts", "TypeScript", 0, 0, 541, 0, 0, 0, 0, 0, 0, 0, 205, 153, 899
"c:\Users\User\Desktop\NestAuth\microservices\user-microservice\prisma\generated\internal\prismaNamespaceBrowser.ts", "TypeScript", 0, 0, 72, 0, 0, 0, 0, 0, 0, 0, 33, 37, 142
"c:\Users\User\Desktop\NestAuth\microservices\user-microservice\prisma\generated\models.ts", "TypeScript", 0, 0, 3, 0, 0, 0, 0, 0, 0, 0, 9, 1, 13
"c:\Users\User\Desktop\NestAuth\microservices\user-microservice\prisma\generated\models\OutboxEvent.ts", "TypeScript", 0, 0, 630, 0, 0, 0, 0, 0, 0, 0, 612, 93, 1335
"c:\Users\User\Desktop\NestAuth\microservices\user-microservice\prisma\generated\models\User.ts", "TypeScript", 0, 0, 523, 0, 0, 0, 0, 0, 0, 0, 602, 88, 1213
"c:\Users\User\Desktop\NestAuth\microservices\user-microservice\prisma\migrations\20260211121352_init\migration.sql", "MS SQL", 0, 0, 0, 0, 7, 0, 0, 0, 0, 0, 1, 2, 10
"c:\Users\User\Desktop\NestAuth\microservices\user-microservice\prisma\migrations\20260213073923_init\migration.sql", "MS SQL", 0, 0, 0, 0, 16, 0, 0, 0, 0, 0, 4, 5, 25
"c:\Users\User\Desktop\NestAuth\microservices\user-microservice\prisma\migrations\20260306081055_user\migration.sql", "MS SQL", 0, 0, 0, 0, 13, 0, 0, 0, 0, 0, 11, 6, 30
"c:\Users\User\Desktop\NestAuth\microservices\user-microservice\prisma\migrations\20260316103144\migration.sql", "MS SQL", 0, 0, 0, 0, 2, 0, 0, 0, 0, 0, 9, 2, 13
"c:\Users\User\Desktop\NestAuth\microservices\user-microservice\prisma\schema.prisma", "Prisma", 0, 0, 0, 0, 0, 31, 0, 0, 0, 0, 0, 5, 36
"c:\Users\User\Desktop\NestAuth\microservices\user-microservice\src\app.controller.ts", "TypeScript", 0, 0, 34, 0, 0, 0, 0, 0, 0, 0, 0, 3, 37
"c:\Users\User\Desktop\NestAuth\microservices\user-microservice\src\app.module.ts", "TypeScript", 0, 0, 21, 0, 0, 0, 0, 0, 0, 0, 0, 2, 23
"c:\Users\User\Desktop\NestAuth\microservices\user-microservice\src\common\config\cors.config.ts", "TypeScript", 0, 0, 8, 0, 0, 0, 0, 0, 0, 0, 0, 2, 10
"c:\Users\User\Desktop\NestAuth\microservices\user-microservice\src\common\config\grpc.config.ts", "TypeScript", 0, 0, 20, 0, 0, 0, 0, 0, 0, 0, 0, 2, 22
"c:\Users\User\Desktop\NestAuth\microservices\user-microservice\src\common\config\index.ts", "TypeScript", 0, 0, 4, 0, 0, 0, 0, 0, 0, 0, 0, 1, 5
"c:\Users\User\Desktop\NestAuth\microservices\user-microservice\src\common\config\swager.config.ts", "TypeScript", 0, 0, 17, 0, 0, 0, 0, 0, 0, 0, 0, 4, 21
"c:\Users\User\Desktop\NestAuth\microservices\user-microservice\src\common\config\validation-pipe.config.ts", "TypeScript", 0, 0, 4, 0, 0, 0, 0, 0, 0, 0, 0, 2, 6
"c:\Users\User\Desktop\NestAuth\microservices\user-microservice\src\common\errors\api\api.error.ts", "TypeScript", 0, 0, 53, 0, 0, 0, 0, 0, 0, 0, 0, 9, 62
"c:\Users\User\Desktop\NestAuth\microservices\user-microservice\src\common\errors\api\default\defaultError.handler.ts", "TypeScript", 0, 0, 23, 0, 0, 0, 0, 0, 0, 0, 0, 4, 27
"c:\Users\User\Desktop\NestAuth\microservices\user-microservice\src\common\errors\api\grpc\grpcError.handler.ts", "TypeScript", 0, 0, 23, 0, 0, 0, 0, 0, 0, 0, 0, 5, 28
"c:\Users\User\Desktop\NestAuth\microservices\user-microservice\src\common\errors\api\http\httpError.handler.ts", "TypeScript", 0, 0, 44, 0, 0, 0, 0, 0, 0, 0, 0, 6, 50
"c:\Users\User\Desktop\NestAuth\microservices\user-microservice\src\common\errors\app.error.ts", "TypeScript", 0, 0, 117, 0, 0, 0, 0, 0, 0, 0, 0, 11, 128
"c:\Users\User\Desktop\NestAuth\microservices\user-microservice\src\common\errors\application\application.error.ts", "TypeScript", 0, 0, 11, 0, 0, 0, 0, 0, 0, 0, 0, 2, 13
"c:\Users\User\Desktop\NestAuth\microservices\user-microservice\src\common\errors\application\errors\conflictApp.error.ts", "TypeScript", 0, 0, 9, 0, 0, 0, 0, 0, 0, 0, 0, 2, 11
"c:\Users\User\Desktop\NestAuth\microservices\user-microservice\src\common\errors\application\errors\notFoundApp.error.ts", "TypeScript", 0, 0, 6, 0, 0, 0, 0, 0, 0, 0, 0, 2, 8
"c:\Users\User\Desktop\NestAuth\microservices\user-microservice\src\common\errors\domain\domain.error.ts", "TypeScript", 0, 0, 17, 0, 0, 0, 0, 0, 0, 0, 0, 2, 19
"c:\Users\User\Desktop\NestAuth\microservices\user-microservice\src\common\errors\domain\errors\validation.error.ts", "TypeScript", 0, 0, 7, 0, 0, 0, 0, 0, 0, 0, 0, 2, 9
"c:\Users\User\Desktop\NestAuth\microservices\user-microservice\src\common\errors\index.ts", "TypeScript", 0, 0, 8, 0, 0, 0, 0, 0, 0, 0, 0, 1, 9
"c:\Users\User\Desktop\NestAuth\microservices\user-microservice\src\common\errors\infrastructure\errors\dependencyUnavailable.error.ts", "TypeScript", 0, 0, 15, 0, 0, 0, 0, 0, 0, 0, 0, 2, 17
"c:\Users\User\Desktop\NestAuth\microservices\user-microservice\src\common\errors\infrastructure\errors\persistence.error.ts", "TypeScript", 0, 0, 10, 0, 0, 0, 0, 0, 0, 0, 0, 2, 12
"c:\Users\User\Desktop\NestAuth\microservices\user-microservice\src\common\errors\infrastructure\infrastructure.error.ts", "TypeScript", 0, 0, 19, 0, 0, 0, 0, 0, 0, 0, 0, 2, 21
"c:\Users\User\Desktop\NestAuth\microservices\user-microservice\src\common\errors\server\server.error.ts", "TypeScript", 0, 0, 16, 0, 0, 0, 0, 0, 0, 0, 0, 2, 18
"c:\Users\User\Desktop\NestAuth\microservices\user-microservice\src\common\filters\globalException.filter.ts", "TypeScript", 0, 0, 35, 0, 0, 0, 0, 0, 0, 0, 0, 6, 41
"c:\Users\User\Desktop\NestAuth\microservices\user-microservice\src\common\interceptors\loggining.intrceptor.ts", "TypeScript", 0, 0, 29, 0, 0, 0, 0, 0, 0, 0, 0, 5, 34
"c:\Users\User\Desktop\NestAuth\microservices\user-microservice\src\main.ts", "TypeScript", 0, 0, 64, 0, 0, 0, 0, 0, 0, 0, 0, 12, 76
"c:\Users\User\Desktop\NestAuth\microservices\user-microservice\src\modules\core\amqp\amqp.config.ts", "TypeScript", 0, 0, 23, 0, 0, 0, 0, 0, 0, 0, 0, 7, 30
"c:\Users\User\Desktop\NestAuth\microservices\user-microservice\src\modules\core\amqp\amqp.module.ts", "TypeScript", 0, 0, 23, 0, 0, 0, 0, 0, 0, 0, 0, 2, 25
"c:\Users\User\Desktop\NestAuth\microservices\user-microservice\src\modules\core\amqp\amqp.service.ts", "TypeScript", 0, 0, 49, 0, 0, 0, 0, 0, 0, 0, 0, 12, 61
"c:\Users\User\Desktop\NestAuth\microservices\user-microservice\src\modules\core\core.module.ts", "TypeScript", 0, 0, 0, 0, 0, 0, 0, 0, 0, 0, 0, 1, 1
"c:\Users\User\Desktop\NestAuth\microservices\user-microservice\src\modules\core\prisma\prisma.module.ts", "TypeScript", 0, 0, 8, 0, 0, 0, 0, 0, 0, 0, 0, 2, 10
"c:\Users\User\Desktop\NestAuth\microservices\user-microservice\src\modules\core\prisma\prisma.service.ts", "TypeScript", 0, 0, 52, 0, 0, 0, 0, 0, 0, 0, 0, 5, 57
"c:\Users\User\Desktop\NestAuth\microservices\user-microservice\src\modules\core\redis\redis.config.ts", "TypeScript", 0, 0, 15, 0, 0, 0, 0, 0, 0, 0, 0, 2, 17
"c:\Users\User\Desktop\NestAuth\microservices\user-microservice\src\modules\core\redis\redis.module.ts", "TypeScript", 0, 0, 10, 0, 0, 0, 0, 0, 0, 0, 0, 2, 12
"c:\Users\User\Desktop\NestAuth\microservices\user-microservice\src\modules\core\redis\redis.service.ts", "TypeScript", 0, 0, 48, 0, 0, 0, 0, 0, 0, 0, 0, 8, 56
"c:\Users\User\Desktop\NestAuth\microservices\user-microservice\src\modules\user\api\gRPC\auth-user.grpc.controller.ts", "TypeScript", 0, 0, 89, 0, 0, 0, 0, 0, 0, 0, 0, 15, 104
"c:\Users\User\Desktop\NestAuth\microservices\user-microservice\src\modules\user\api\gRPC\gateway-user.grpc.controller.ts", "TypeScript", 0, 0, 0, 0, 0, 0, 0, 0, 0, 0, 0, 1, 1
"c:\Users\User\Desktop\NestAuth\microservices\user-microservice\src\modules\user\application\commands\create-user\create-user.command.ts", "TypeScript", 0, 0, 4, 0, 0, 0, 0, 0, 0, 0, 0, 3, 7
"c:\Users\User\Desktop\NestAuth\microservices\user-microservice\src\modules\user\application\commands\create-user\create-user.handler.ts", "TypeScript", 0, 0, 25, 0, 0, 0, 0, 0, 0, 0, 0, 6, 31
"c:\Users\User\Desktop\NestAuth\microservices\user-microservice\src\modules\user\application\commands\delete-user\delete-user.command.ts", "TypeScript", 0, 0, 3, 0, 0, 0, 0, 0, 0, 0, 0, 1, 4
"c:\Users\User\Desktop\NestAuth\microservices\user-microservice\src\modules\user\application\commands\delete-user\delete-user.handler.ts", "TypeScript", 0, 0, 15, 0, 0, 0, 0, 0, 0, 0, 0, 4, 19
"c:\Users\User\Desktop\NestAuth\microservices\user-microservice\src\modules\user\application\commands\dto\create-user.dto.ts", "TypeScript", 0, 0, 6, 0, 0, 0, 0, 0, 0, 0, 0, 1, 7
"c:\Users\User\Desktop\NestAuth\microservices\user-microservice\src\modules\user\application\commands\dto\update-user.dto.ts", "TypeScript", 0, 0, 7, 0, 0, 0, 0, 0, 0, 0, 0, 1, 8
"c:\Users\User\Desktop\NestAuth\microservices\user-microservice\src\modules\user\application\commands\index.ts", "TypeScript", 0, 0, 0, 0, 0, 0, 0, 0, 0, 0, 0, 1, 1
"c:\Users\User\Desktop\NestAuth\microservices\user-microservice\src\modules\user\application\commands\update-user\update-user.command.ts", "TypeScript", 0, 0, 4, 0, 0, 0, 0, 0, 0, 0, 0, 3, 7
"c:\Users\User\Desktop\NestAuth\microservices\user-microservice\src\modules\user\application\commands\update-user\update-user.handler.ts", "TypeScript", 0, 0, 25, 0, 0, 0, 0, 0, 0, 0, 0, 4, 29
"c:\Users\User\Desktop\NestAuth\microservices\user-microservice\src\modules\user\application\events\actor-created-send-mail.handler.ts", "TypeScript", 0, 0, 15, 0, 0, 0, 0, 0, 0, 0, 0, 4, 19
"c:\Users\User\Desktop\NestAuth\microservices\user-microservice\src\modules\user\application\index.ts", "TypeScript", 0, 0, 1, 0, 0, 0, 0, 0, 0, 0, 0, 1, 2
"c:\Users\User\Desktop\NestAuth\microservices\user-microservice\src\modules\user\application\queries\dto\get-users-query.dto.ts", "TypeScript", 0, 0, 8, 0, 0, 0, 0, 0, 0, 0, 0, 2, 10
"c:\Users\User\Desktop\NestAuth\microservices\user-microservice\src\modules\user\application\queries\get-actor\get-actor-query.command.ts", "TypeScript", 0, 0, 3, 0, 0, 0, 0, 0, 0, 0, 0, 2, 5
"c:\Users\User\Desktop\NestAuth\microservices\user-microservice\src\modules\user\application\queries\get-actor\get-actor-query.handler.ts", "TypeScript", 0, 0, 16, 0, 0, 0, 0, 0, 0, 0, 0, 4, 20
"c:\Users\User\Desktop\NestAuth\microservices\user-microservice\src\modules\user\application\queries\get-all-actors\get-actors-query.command.ts", "TypeScript", 0, 0, 4, 0, 0, 0, 0, 0, 0, 0, 0, 3, 7
"c:\Users\User\Desktop\NestAuth\microservices\user-microservice\src\modules\user\application\queries\get-all-actors\get-actors-query.handler.ts", "TypeScript", 0, 0, 23, 0, 0, 0, 0, 0, 0, 0, 0, 3, 26
"c:\Users\User\Desktop\NestAuth\microservices\user-microservice\src\modules\user\application\queries\get-user-by-username\get-user-by-username.handler.ts", "TypeScript", 0, 0, 18, 0, 0, 0, 0, 0, 0, 0, 0, 4, 22
"c:\Users\User\Desktop\NestAuth\microservices\user-microservice\src\modules\user\application\queries\get-user-by-username\get-user-by-username.query.ts", "TypeScript", 0, 0, 3, 0, 0, 0, 0, 0, 0, 0, 0, 1, 4
"c:\Users\User\Desktop\NestAuth\microservices\user-microservice\src\modules\user\application\user.facade.ts", "TypeScript", 0, 0, 60, 0, 0, 0, 0, 0, 0, 0, 0, 10, 70
"c:\Users\User\Desktop\NestAuth\microservices\user-microservice\src\modules\user\domain\events\user-created.event.ts", "TypeScript", 0, 0, 8, 0, 0, 0, 0, 0, 0, 0, 0, 1, 9
"c:\Users\User\Desktop\NestAuth\microservices\user-microservice\src\modules\user\domain\index.ts", "TypeScript", 0, 0, 1, 0, 0, 0, 0, 0, 0, 0, 0, 1, 2
"c:\Users\User\Desktop\NestAuth\microservices\user-microservice\src\modules\user\domain\user.aggregate.ts", "TypeScript", 0, 0, 110, 0, 0, 0, 0, 0, 0, 0, 0, 13, 123
"c:\Users\User\Desktop\NestAuth\microservices\user-microservice\src\modules\user\domain\user.interface.ts", "TypeScript", 0, 0, 9, 0, 0, 0, 0, 0, 0, 0, 0, 1, 10
"c:\Users\User\Desktop\NestAuth\microservices\user-microservice\src\modules\user\providers\amqp\amqp.adapter.ts", "TypeScript", 0, 0, 32, 0, 0, 0, 0, 0, 0, 0, 0, 2, 34
"c:\Users\User\Desktop\NestAuth\microservices\user-microservice\src\modules\user\providers\amqp\amqp.port.ts", "TypeScript", 0, 0, 4, 0, 0, 0, 0, 0, 0, 0, 0, 2, 6
"c:\Users\User\Desktop\NestAuth\microservices\user-microservice\src\modules\user\providers\index.ts", "TypeScript", 0, 0, 7, 0, 0, 0, 0, 0, 0, 0, 0, 1, 8
"c:\Users\User\Desktop\NestAuth\microservices\user-microservice\src\modules\user\providers\prisma\prisma.adapter.ts", "TypeScript", 0, 0, 115, 0, 0, 0, 0, 0, 0, 0, 0, 11, 126
"c:\Users\User\Desktop\NestAuth\microservices\user-microservice\src\modules\user\providers\prisma\prisma.port.ts", "TypeScript", 0, 0, 31, 0, 0, 0, 0, 0, 0, 0, 0, 6, 37
"c:\Users\User\Desktop\NestAuth\microservices\user-microservice\src\modules\user\providers\redis\redis.adapter.ts", "TypeScript", 0, 0, 95, 0, 0, 0, 0, 0, 0, 0, 0, 13, 108
"c:\Users\User\Desktop\NestAuth\microservices\user-microservice\src\modules\user\providers\redis\redis.port.ts", "TypeScript", 0, 0, 9, 0, 0, 0, 0, 0, 0, 0, 0, 2, 11
"c:\Users\User\Desktop\NestAuth\microservices\user-microservice\src\modules\user\providers\user-facade.factory.ts", "TypeScript", 0, 0, 6, 0, 0, 0, 0, 0, 0, 0, 0, 2, 8
"c:\Users\User\Desktop\NestAuth\microservices\user-microservice\src\modules\user\user.module.ts", "TypeScript", 0, 0, 48, 0, 0, 0, 0, 0, 0, 0, 0, 3, 51
"c:\Users\User\Desktop\NestAuth\microservices\user-microservice\tsconfig.build.json", "JSON", 0, 4, 0, 0, 0, 0, 0, 0, 0, 0, 0, 1, 5
"c:\Users\User\Desktop\NestAuth\microservices\user-microservice\tsconfig.json", "JSON with Comments", 25, 0, 0, 0, 0, 0, 0, 0, 0, 0, 0, 1, 26
"Total", "-", 128, 59828, 19555, 91, 122, 137, 183, 43, 24, 54, 5367, 3549, 89081